id,item_n,author,created,is_review
575655418,31,sezanzeb,2021-02-13,True
575655460,31,sezanzeb,2021-02-13,True
575656152,31,sezanzeb,2021-02-13,True
575656447,31,sezanzeb,2021-02-13,True
575684341,31,likern,2021-02-13,True
575685320,31,likern,2021-02-13,True
575685875,31,likern,2021-02-13,True
575686355,31,likern,2021-02-13,True
575700374,31,likern,2021-02-13,True
579657903,31,sezanzeb,2021-02-20,True
611160560,82,sezanzeb,2021-04-11,True
611406318,82,Blaimi,2021-04-12,True
611517136,82,sezanzeb,2021-04-12,True
611549155,82,Blaimi,2021-04-12,True
613075501,82,skitt,2021-04-14,True
613075793,82,skitt,2021-04-14,True
613076433,82,skitt,2021-04-14,True
613079159,82,skitt,2021-04-14,True
613079967,82,skitt,2021-04-14,True
613080325,82,skitt,2021-04-14,True
613080862,82,skitt,2021-04-14,True
613081536,82,skitt,2021-04-14,True
613081993,82,skitt,2021-04-14,True
613083310,82,skitt,2021-04-14,True
613083744,82,skitt,2021-04-14,True
613102400,82,Blaimi,2021-04-14,True
613102446,82,Blaimi,2021-04-14,True
613102508,82,Blaimi,2021-04-14,True
613102848,82,Blaimi,2021-04-14,True
613102907,82,Blaimi,2021-04-14,True
613119077,82,Blaimi,2021-04-14,True
613200402,82,skitt,2021-04-14,True
613201060,82,skitt,2021-04-14,True
613201199,82,skitt,2021-04-14,True
613201490,82,skitt,2021-04-14,True
613201763,82,skitt,2021-04-14,True
652116070,127,sezanzeb,2021-06-15,True
652127839,127,sezanzeb,2021-06-15,True
652129055,127,sezanzeb,2021-06-15,True
652392515,127,sarimak,2021-06-16,True
652554809,127,sezanzeb,2021-06-16,True
661669476,129,sezanzeb,2021-06-30,True
661675892,129,sezanzeb,2021-06-30,True
661678278,129,sezanzeb,2021-06-30,True
662813208,129,jose1711,2021-07-02,True
662815842,129,jose1711,2021-07-02,True
662856173,129,sezanzeb,2021-07-02,True
662858136,129,sezanzeb,2021-07-02,True
662858481,129,sezanzeb,2021-07-02,True
662969615,129,jose1711,2021-07-02,True
663204572,129,sezanzeb,2021-07-02,True
663339361,129,jose1711,2021-07-03,True
663339386,129,jose1711,2021-07-03,True
692386943,168,sezanzeb,2021-08-19,True
693331345,168,sezanzeb,2021-08-21,True
693331461,168,sezanzeb,2021-08-21,True
693332391,168,sezanzeb,2021-08-21,True
699948457,178,sezanzeb,2021-09-01,True
699959741,178,sezanzeb,2021-09-01,True
699959850,178,sezanzeb,2021-09-01,True
699959977,178,sezanzeb,2021-09-01,True
700261502,178,pjamargh,2021-09-01,True
700262734,178,sezanzeb,2021-09-01,True
700329726,178,pjamargh,2021-09-01,True
700333369,178,sezanzeb,2021-09-01,True
700333917,178,sezanzeb,2021-09-01,True
700339899,178,pjamargh,2021-09-01,True
700343983,178,sezanzeb,2021-09-01,True
700347569,178,sezanzeb,2021-09-01,True
700355470,178,pjamargh,2021-09-01,True
720579427,127,sezanzeb,2021-10-01,True
720579613,127,sezanzeb,2021-10-01,True
720579687,127,sezanzeb,2021-10-01,True
720579888,127,sezanzeb,2021-10-01,True
720580817,127,sezanzeb,2021-10-01,True
720581108,127,sezanzeb,2021-10-01,True
720711796,127,sezanzeb,2021-10-02,True
739164215,1,sezanzeb,2020-12-05,False
739168877,1,sezanzeb,2020-12-05,False
739319979,2,sezanzeb,2020-12-05,False
739320364,2,ca5ua1,2020-12-05,False
739320812,2,sezanzeb,2020-12-05,False
739327186,2,ca5ua1,2020-12-05,False
746728943,3,sezanzeb,2020-12-16,False
747767577,4,sezanzeb,2020-12-17,False
747789193,4,OrionRandD,2020-12-18,False
747957646,4,sezanzeb,2020-12-18,False
747966701,4,sezanzeb,2020-12-18,False
748037546,4,OrionRandD,2020-12-18,False
748530923,4,sezanzeb,2020-12-19,False
748530957,4,sezanzeb,2020-12-19,False
750480531,5,sezanzeb,2020-12-23,False
750496926,5,therealrobster,2020-12-23,False
751253415,6,sezanzeb,2020-12-25,False
751254470,4,sezanzeb,2020-12-25,False
751326958,6,danrobi11,2020-12-26,False
751368256,6,sezanzeb,2020-12-26,False
751368795,7,sezanzeb,2020-12-26,False
751372541,7,sezanzeb,2020-12-26,False
751391256,7,claxonberlin,2020-12-26,False
751402334,7,sezanzeb,2020-12-26,False
751427489,6,danrobi11,2020-12-27,False
751450841,6,sezanzeb,2020-12-27,False
751468364,7,claxonberlin,2020-12-27,False
751475820,7,sezanzeb,2020-12-27,False
751479868,7,claxonberlin,2020-12-27,False
751492510,7,sezanzeb,2020-12-27,False
751501350,8,sezanzeb,2020-12-27,False
751501526,8,sezanzeb,2020-12-27,False
751501936,9,sezanzeb,2020-12-27,False
751503283,8,amadeusp,2020-12-27,False
751503731,9,amadeusp,2020-12-27,False
751504181,8,sezanzeb,2020-12-27,False
751505088,9,sezanzeb,2020-12-27,False
751506374,9,amadeusp,2020-12-27,False
751506505,9,sezanzeb,2020-12-27,False
751507225,9,sezanzeb,2020-12-27,False
751507680,9,amadeusp,2020-12-27,False
751507990,6,danrobi11,2020-12-27,False
751508067,9,sezanzeb,2020-12-27,False
751508433,6,sezanzeb,2020-12-27,False
751508846,9,amadeusp,2020-12-27,False
751509700,6,danrobi11,2020-12-27,False
751509851,6,sezanzeb,2020-12-27,False
751510130,6,danrobi11,2020-12-27,False
751511005,6,sezanzeb,2020-12-27,False
751513151,6,sezanzeb,2020-12-27,False
751513986,7,claxonberlin,2020-12-27,False
751514824,7,sezanzeb,2020-12-27,False
751516445,6,danrobi11,2020-12-27,False
751517451,6,sezanzeb,2020-12-27,False
751521096,7,claxonberlin,2020-12-27,False
751523814,6,danrobi11,2020-12-27,False
751524926,7,sezanzeb,2020-12-27,False
751525815,6,sezanzeb,2020-12-27,False
751525970,6,danrobi11,2020-12-27,False
751526059,6,sezanzeb,2020-12-27,False
751527072,7,sezanzeb,2020-12-27,False
751528094,7,claxonberlin,2020-12-27,False
751529510,7,sezanzeb,2020-12-27,False
751537396,10,sezanzeb,2020-12-28,False
751596077,10,mike-lloyd03,2020-12-28,False
751643458,10,sezanzeb,2020-12-28,False
751686827,7,claxonberlin,2020-12-28,False
752069548,7,sezanzeb,2020-12-29,False
752074375,7,sezanzeb,2020-12-29,False
752798531,11,sezanzeb,2020-12-31,False
752798882,7,sezanzeb,2020-12-31,False
752799277,10,sezanzeb,2020-12-31,False
752988166,8,amadeusp,2020-12-31,False
752988571,8,sezanzeb,2020-12-31,False
753026094,12,sezanzeb,2020-12-31,False
753028917,12,jim8989,2020-12-31,False
753031868,12,sezanzeb,2020-12-31,False
753151930,12,jim8989,2020-12-31,False
753156650,12,sezanzeb,2020-12-31,False
753172427,12,jim8989,2020-12-31,False
753175130,12,sezanzeb,2020-12-31,False
753214026,12,jim8989,2020-12-31,False
753218023,12,sezanzeb,2020-12-31,False
753219843,12,jim8989,2020-12-31,False
753223097,8,amadeusp,2020-12-31,False
753239659,12,sezanzeb,2021-01-01,False
753240021,8,sezanzeb,2021-01-01,False
753349954,12,jim8989,2021-01-01,False
753350711,12,sezanzeb,2021-01-01,False
753351179,12,sezanzeb,2021-01-01,False
753361001,12,jim8989,2021-01-01,False
753361222,12,sezanzeb,2021-01-01,False
753361571,12,sezanzeb,2021-01-01,False
753368922,12,jim8989,2021-01-01,False
753412981,12,sezanzeb,2021-01-02,False
753415549,10,sezanzeb,2021-01-02,False
753540134,13,sezanzeb,2021-01-02,False
753540177,12,sezanzeb,2021-01-02,False
753582480,8,hixan,2021-01-03,False
753592511,13,rimko,2021-01-03,False
753595378,14,rimko,2021-01-03,False
753599025,12,sezanzeb,2021-01-03,False
753599146,13,sezanzeb,2021-01-03,False
753601951,14,sezanzeb,2021-01-03,False
753604189,14,sezanzeb,2021-01-03,False
753605247,8,sezanzeb,2021-01-03,False
754085926,8,sezanzeb,2021-01-04,False
754189839,13,sezanzeb,2021-01-04,False
754455939,8,amadeusp,2021-01-05,False
754565754,12,sojusnik,2021-01-05,False
754584070,12,sezanzeb,2021-01-05,False
754819849,12,sezanzeb,2021-01-05,False
754820002,13,sezanzeb,2021-01-05,False
754874494,8,amadeusp,2021-01-05,False
754875505,12,sojusnik,2021-01-05,False
754886332,12,sezanzeb,2021-01-05,False
754889555,8,sezanzeb,2021-01-05,False
755312593,8,sezanzeb,2021-01-06,False
755744336,12,jim8989,2021-01-06,False
755825807,12,sezanzeb,2021-01-07,False
755826976,15,sezanzeb,2021-01-07,False
756004561,15,proton252,2021-01-07,False
756404785,8,amadeusp,2021-01-07,False
756407390,8,amadeusp,2021-01-07,False
756469345,8,sezanzeb,2021-01-08,False
756680701,13,rimko,2021-01-08,False
756685892,13,sezanzeb,2021-01-08,False
756842074,8,amadeusp,2021-01-08,False
756846153,8,sezanzeb,2021-01-08,False
756948110,16,sezanzeb,2021-01-08,False
757008215,16,jim8989,2021-01-08,False
757024807,16,sezanzeb,2021-01-08,False
757028769,16,jim8989,2021-01-08,False
757133859,17,sezanzeb,2021-01-09,False
757139359,18,sezanzeb,2021-01-09,False
757354089,19,sezanzeb,2021-01-09,False
757354751,18,sezanzeb,2021-01-09,False
757377749,18,RisingOrange,2021-01-09,False
757513761,21,sezanzeb,2021-01-10,False
757533185,22,sezanzeb,2021-01-10,False
757535139,21,jmaibaum,2021-01-10,False
757537585,21,sezanzeb,2021-01-10,False
757544189,21,jmaibaum,2021-01-10,False
757563926,23,Pete-Smith,2021-01-10,False
757564764,23,Pete-Smith,2021-01-10,False
757567531,23,sezanzeb,2021-01-11,False
757568146,23,Pete-Smith,2021-01-11,False
757568436,23,sezanzeb,2021-01-11,False
757568587,23,Pete-Smith,2021-01-11,False
759098533,24,sezanzeb,2021-01-12,False
759707290,24,jim8989,2021-01-13,False
759720964,24,sezanzeb,2021-01-13,False
761699570,19,sezanzeb,2021-01-16,False
761837277,24,laserburn,2021-01-17,False
761852574,24,sezanzeb,2021-01-17,False
761864371,24,jim8989,2021-01-17,False
761865869,21,sezanzeb,2021-01-17,False
761866368,24,sezanzeb,2021-01-17,False
762109124,25,sezanzeb,2021-01-18,False
762152028,25,sojusnik,2021-01-18,False
762205748,25,sezanzeb,2021-01-18,False
762207771,25,sojusnik,2021-01-18,False
762208620,25,sezanzeb,2021-01-18,False
762209929,25,sojusnik,2021-01-18,False
762210123,25,sezanzeb,2021-01-18,False
762211829,25,sojusnik,2021-01-18,False
762212508,25,sezanzeb,2021-01-18,False
762381046,24,laserburn,2021-01-18,False
762438344,24,sezanzeb,2021-01-18,False
762442232,24,laserburn,2021-01-18,False
762443022,24,sezanzeb,2021-01-18,False
762986231,24,laserburn,2021-01-19,False
762988623,24,laserburn,2021-01-19,False
762997041,24,laserburn,2021-01-19,False
763010878,24,sezanzeb,2021-01-19,False
763847335,24,laserburn,2021-01-20,False
763886101,24,sezanzeb,2021-01-20,False
763946422,24,laserburn,2021-01-20,False
763961232,24,sezanzeb,2021-01-20,False
764924532,24,laserburn,2021-01-21,False
764926777,228,sezanzeb,2021-12-08,True
765587683,24,sezanzeb,2021-01-22,False
765644512,24,laserburn,2021-01-22,False
765889089,24,sezanzeb,2021-01-23,False
766496670,228,sezanzeb,2021-12-10,True
766532973,228,jonasBoss,2021-12-10,True
766538878,228,sezanzeb,2021-12-10,True
766565542,228,sezanzeb,2021-12-10,True
766572455,228,sezanzeb,2021-12-10,True
766576433,230,jonasBoss,2021-12-10,True
766576874,230,jonasBoss,2021-12-10,True
766578232,230,sezanzeb,2021-12-10,True
766579137,230,sezanzeb,2021-12-10,True
766602633,230,jonasBoss,2021-12-10,True
766602709,230,jonasBoss,2021-12-10,True
766605404,230,jonasBoss,2021-12-10,True
766621311,230,sezanzeb,2021-12-10,True
766622560,230,sezanzeb,2021-12-10,True
766846660,228,jonasBoss,2021-12-10,True
766864445,230,jonasBoss,2021-12-10,True
766989275,230,sezanzeb,2021-12-10,True
766989696,230,sezanzeb,2021-12-10,True
766995896,230,sezanzeb,2021-12-10,True
767006070,228,sezanzeb,2021-12-10,True
767007058,228,sezanzeb,2021-12-10,True
767259073,228,jonasBoss,2021-12-12,True
767295862,228,sezanzeb,2021-12-12,True
767297683,228,jonasBoss,2021-12-12,True
767318485,228,sezanzeb,2021-12-12,True
767331038,228,jonasBoss,2021-12-12,True
767334514,228,sezanzeb,2021-12-12,True
767634036,232,sezanzeb,2021-12-13,True
767639847,232,sezanzeb,2021-12-13,True
767648575,232,sezanzeb,2021-12-13,True
767656906,232,sezanzeb,2021-12-13,True
767658926,232,sezanzeb,2021-12-13,True
767671160,232,sezanzeb,2021-12-13,True
767680433,232,sezanzeb,2021-12-13,True
767878196,232,jonasBoss,2021-12-13,True
768020934,232,sezanzeb,2021-12-13,True
768021108,232,sezanzeb,2021-12-13,True
768614118,27,sezanzeb,2021-01-27,False
768638098,27,Arrowpuppet,2021-01-27,False
768649458,27,sezanzeb,2021-01-27,False
768650167,27,Arrowpuppet,2021-01-27,False
768665983,23,xenburn,2021-01-28,False
768751918,232,jonasBoss,2021-12-14,True
768792584,232,jonasBoss,2021-12-14,True
768922126,23,sezanzeb,2021-01-28,False
769552364,228,jonasBoss,2021-12-15,True
769834767,27,sezanzeb,2021-01-29,False
770231185,28,sezanzeb,2021-01-30,False
770231593,28,sezanzeb,2021-01-30,False
770253344,28,ghost,2021-01-30,False
770255182,28,sezanzeb,2021-01-30,False
770376174,28,ghost,2021-01-31,False
770385027,29,sezanzeb,2021-01-31,False
770388963,28,sezanzeb,2021-01-31,False
770883835,28,ghost,2021-02-01,False
770897871,28,sezanzeb,2021-02-01,False
770994349,228,sezanzeb,2021-12-16,True
770995886,228,sezanzeb,2021-12-16,True
771262142,228,jonasBoss,2021-12-17,True
771285464,228,sezanzeb,2021-12-17,True
771303387,228,sezanzeb,2021-12-17,True
771330457,228,jonasBoss,2021-12-17,True
771341903,228,sezanzeb,2021-12-17,True
771502894,228,jonasBoss,2021-12-17,True
771538373,228,sezanzeb,2021-12-17,True
771579115,30,sezanzeb,2021-02-02,False
772082674,28,sezanzeb,2021-02-02,False
772088301,31,likern,2021-02-02,False
772102801,21,likern,2021-02-03,False
772112585,30,likern,2021-02-03,False
772116765,30,likern,2021-02-03,False
772387829,21,sezanzeb,2021-02-03,False
772516898,28,ghost,2021-02-03,False
772689677,28,sezanzeb,2021-02-03,False
772691666,28,ghost,2021-02-03,False
772693002,30,sezanzeb,2021-02-03,False
772693749,28,sezanzeb,2021-02-03,False
772694343,28,ghost,2021-02-03,False
772697043,28,sezanzeb,2021-02-03,False
772704403,28,ghost,2021-02-03,False
772707403,28,sezanzeb,2021-02-03,False
772711237,28,ghost,2021-02-03,False
772712338,28,sezanzeb,2021-02-03,False
772812687,30,likern,2021-02-03,False
772837896,32,sezanzeb,2021-02-03,False
772843642,32,mauritzn,2021-02-03,False
772845592,30,sezanzeb,2021-02-03,False
772847530,30,sezanzeb,2021-02-03,False
772864687,30,likern,2021-02-03,False
772879345,33,sezanzeb,2021-02-03,False
772885506,30,sezanzeb,2021-02-03,False
772907083,33,mauritzn,2021-02-03,False
772931345,33,sezanzeb,2021-02-04,False
772936320,33,mauritzn,2021-02-04,False
773213820,33,sezanzeb,2021-02-04,False
773487980,228,sezanzeb,2021-12-21,True
774326068,25,sezanzeb,2021-02-05,False
774476605,27,sezanzeb,2021-02-06,False
774555830,25,sezanzeb,2021-02-06,False
774556098,25,sojusnik,2021-02-06,False
774558059,25,sezanzeb,2021-02-06,False
774558257,25,sojusnik,2021-02-06,False
774558297,25,sezanzeb,2021-02-06,False
774558679,25,sezanzeb,2021-02-06,False
774648913,25,sojusnik,2021-02-07,False
774652308,25,sezanzeb,2021-02-07,False
774662532,25,sezanzeb,2021-02-07,False
774667432,25,sojusnik,2021-02-07,False
774667561,25,sezanzeb,2021-02-07,False
774712490,35,sezanzeb,2021-02-07,False
774716872,35,CarlosEkisde,2021-02-07,False
774718812,35,sezanzeb,2021-02-07,False
774753924,35,CarlosEkisde,2021-02-07,False
774769708,35,sezanzeb,2021-02-07,False
774774837,35,CarlosEkisde,2021-02-07,False
774781216,35,sezanzeb,2021-02-07,False
774989579,25,sojusnik,2021-02-08,False
775243302,25,sezanzeb,2021-02-08,False
775244882,25,sezanzeb,2021-02-08,False
775389145,25,sojusnik,2021-02-08,False
775484141,25,sezanzeb,2021-02-08,False
775512000,25,sezanzeb,2021-02-08,False
775746395,25,sojusnik,2021-02-09,False
776446521,228,jonasBoss,2021-12-29,True
776455868,228,jonasBoss,2021-12-29,True
776458456,228,sezanzeb,2021-12-29,True
776463989,228,sezanzeb,2021-12-29,True
776465179,228,sezanzeb,2021-12-29,True
776470121,228,jonasBoss,2021-12-29,True
776471087,228,sezanzeb,2021-12-29,True
776484736,228,jonasBoss,2021-12-29,True
776488189,228,sezanzeb,2021-12-29,True
776488940,228,sezanzeb,2021-12-29,True
776489245,228,sezanzeb,2021-12-29,True
776505135,228,jonasBoss,2021-12-29,True
776506641,228,sezanzeb,2021-12-29,True
776508893,228,sezanzeb,2021-12-29,True
776511300,228,sezanzeb,2021-12-29,True
776524984,228,jonasBoss,2021-12-29,True
776670394,228,jonasBoss,2021-12-30,True
776675111,228,jonasBoss,2021-12-30,True
776687889,228,sezanzeb,2021-12-30,True
776699911,228,jonasBoss,2021-12-30,True
776701334,228,sezanzeb,2021-12-30,True
777691479,36,sezanzeb,2021-02-11,False
777692413,37,sezanzeb,2021-02-11,False
777738189,37,sezanzeb,2021-02-11,False
777785190,25,sezanzeb,2021-02-11,False
777799622,25,sezanzeb,2021-02-11,False
777802295,25,sezanzeb,2021-02-11,False
777818961,29,sezanzeb,2021-02-11,False
777819719,25,bblanke,2021-02-11,False
777821690,36,sezanzeb,2021-02-11,False
777837045,25,sezanzeb,2021-02-11,False
778199576,25,sojusnik,2021-02-12,False
778602509,31,sezanzeb,2021-02-13,False
778608878,36,sezanzeb,2021-02-13,False
778612268,36,CarlosEkisde,2021-02-13,False
778617363,36,sezanzeb,2021-02-13,False
778627401,36,sezanzeb,2021-02-13,False
778666386,36,CarlosEkisde,2021-02-13,False
778773121,40,sezanzeb,2021-02-14,False
779114452,36,CarlosEkisde,2021-02-15,False
779151548,41,sezanzeb,2021-02-15,False
779158740,36,sezanzeb,2021-02-15,False
779358384,36,sezanzeb,2021-02-15,False
779362715,41,sezanzeb,2021-02-15,False
779393810,41,ghost,2021-02-15,False
779469848,36,sezanzeb,2021-02-15,False
779760872,36,CarlosEkisde,2021-02-16,False
779765277,36,sezanzeb,2021-02-16,False
779771026,36,CarlosEkisde,2021-02-16,False
779774691,36,sezanzeb,2021-02-16,False
779781101,36,CarlosEkisde,2021-02-16,False
780166846,36,sezanzeb,2021-02-16,False
780402092,36,CarlosEkisde,2021-02-17,False
780402639,36,CarlosEkisde,2021-02-17,False
780452323,36,sezanzeb,2021-02-17,False
781672925,42,sezanzeb,2021-02-18,False
781678399,36,sezanzeb,2021-02-18,False
782025247,36,CarlosEkisde,2021-02-19,False
782030555,36,CarlosEkisde,2021-02-19,False
782034246,36,CarlosEkisde,2021-02-19,False
782034516,36,sezanzeb,2021-02-19,False
782035295,36,sezanzeb,2021-02-19,False
782036843,36,sezanzeb,2021-02-19,False
782042028,43,sezanzeb,2021-02-19,False
782043329,44,sezanzeb,2021-02-19,False
782044536,36,sezanzeb,2021-02-19,False
782044966,44,CarlosEkisde,2021-02-19,False
782045617,44,sezanzeb,2021-02-19,False
782045905,44,CarlosEkisde,2021-02-19,False
782048857,44,sezanzeb,2021-02-19,False
782052934,36,CarlosEkisde,2021-02-19,False
782054009,43,CarlosEkisde,2021-02-19,False
782058132,36,sezanzeb,2021-02-19,False
782061440,36,sezanzeb,2021-02-19,False
782064188,36,CarlosEkisde,2021-02-19,False
782066260,36,sezanzeb,2021-02-19,False
782069250,36,CarlosEkisde,2021-02-19,False
782075865,36,sezanzeb,2021-02-19,False
782175170,36,CarlosEkisde,2021-02-19,False
782253378,36,sezanzeb,2021-02-19,False
782611587,228,jonasBoss,2022-01-11,True
782618000,46,sezanzeb,2021-02-20,False
782618960,45,sezanzeb,2021-02-20,False
782620784,46,sezanzeb,2021-02-20,False
782640415,46,sezanzeb,2021-02-20,False
782656501,36,sezanzeb,2021-02-20,False
782674573,44,sezanzeb,2021-02-20,False
783285292,228,sezanzeb,2022-01-12,True
783286177,228,sezanzeb,2022-01-12,True
783296003,228,sezanzeb,2022-01-12,True
783297637,228,sezanzeb,2022-01-12,True
783304503,228,sezanzeb,2022-01-12,True
783307872,228,sezanzeb,2022-01-12,True
783308645,228,sezanzeb,2022-01-12,True
783309587,228,sezanzeb,2022-01-12,True
783309992,228,sezanzeb,2022-01-12,True
783312283,228,sezanzeb,2022-01-12,True
783318094,228,sezanzeb,2022-01-12,True
783326767,228,sezanzeb,2022-01-12,True
783358412,228,sezanzeb,2022-01-12,True
783380335,228,jonasBoss,2022-01-12,True
783397037,228,jonasBoss,2022-01-12,True
783415180,228,jonasBoss,2022-01-12,True
783557862,228,sezanzeb,2022-01-13,True
783711292,46,sezanzeb,2021-02-22,False
783852264,228,sezanzeb,2022-01-13,True
783860224,228,sezanzeb,2022-01-13,True
783889203,228,jonasBoss,2022-01-13,True
783890125,228,jonasBoss,2022-01-13,True
784079243,228,sezanzeb,2022-01-13,True
784091758,228,sezanzeb,2022-01-13,True
784116270,228,jonasBoss,2022-01-13,True
784140607,228,sezanzeb,2022-01-13,True
784167442,36,CarlosEkisde,2021-02-23,False
784169761,36,sezanzeb,2021-02-23,False
784178606,36,CarlosEkisde,2021-02-23,False
784179609,36,sezanzeb,2021-02-23,False
784181660,36,CarlosEkisde,2021-02-23,False
784182668,36,CarlosEkisde,2021-02-23,False
784183818,36,sezanzeb,2021-02-23,False
784275761,228,jonasBoss,2022-01-13,True
785304274,47,sezanzeb,2021-02-24,False
785309042,47,sezanzeb,2021-02-24,False
785421404,47,jim8989,2021-02-24,False
785422862,47,sezanzeb,2021-02-24,False
785424488,47,jim8989,2021-02-24,False
785450168,47,sezanzeb,2021-02-24,False
785453946,47,jim8989,2021-02-24,False
785471296,47,sezanzeb,2021-02-24,False
785905832,263,jonasBoss,2022-01-17,True
785912879,263,sezanzeb,2022-01-17,True
785968608,263,jonasBoss,2022-01-17,True
785981695,263,sezanzeb,2022-01-17,True
785992611,37,dk-88,2021-02-25,False
786089427,37,sezanzeb,2021-02-25,False
786090786,37,BachoSeven,2021-02-25,False
786095496,263,jonasBoss,2022-01-17,True
786128170,47,jim8989,2021-02-25,False
786222348,264,sezanzeb,2022-01-17,True
786223959,264,sezanzeb,2022-01-17,True
786224213,264,sezanzeb,2022-01-17,True
786227851,264,LunNova,2022-01-17,True
786231093,264,sezanzeb,2022-01-17,True
786231904,264,sezanzeb,2022-01-17,True
786234373,264,LunNova,2022-01-17,True
786235591,265,sezanzeb,2022-01-17,True
786237182,264,LunNova,2022-01-17,True
786237873,264,sezanzeb,2022-01-17,True
786241623,48,sezanzeb,2021-02-25,False
786289814,265,jonasBoss,2022-01-17,True
786326806,263,jonasBoss,2022-01-17,True
786523719,33,sezanzeb,2021-02-26,False
786812886,263,sezanzeb,2022-01-18,True
786817809,263,sezanzeb,2022-01-18,True
786851046,263,jonasBoss,2022-01-18,True
786852484,263,jonasBoss,2022-01-18,True
786906541,263,sezanzeb,2022-01-18,True
786979012,263,jonasBoss,2022-01-18,True
787247584,263,jonasBoss,2022-01-19,True
787470906,33,mauritzn,2021-02-28,False
787649531,263,sezanzeb,2022-01-19,True
788115804,50,sezanzeb,2021-03-01,False
788117636,49,sezanzeb,2021-03-01,False
788118849,33,sezanzeb,2021-03-01,False
788145433,33,mauritzn,2021-03-01,False
788184570,49,LexRiver,2021-03-01,False
788186950,263,jonasBoss,2022-01-19,True
788198305,263,jonasBoss,2022-01-19,True
788215422,49,sezanzeb,2021-03-01,False
788532454,263,sezanzeb,2022-01-20,True
788532869,263,sezanzeb,2022-01-20,True
788534409,263,sezanzeb,2022-01-20,True
788598098,263,jonasBoss,2022-01-20,True
788600807,263,jonasBoss,2022-01-20,True
788773063,263,sezanzeb,2022-01-20,True
788790985,263,jonasBoss,2022-01-20,True
788868576,263,sezanzeb,2022-01-20,True
788873846,263,sezanzeb,2022-01-20,True
788973151,263,jonasBoss,2022-01-20,True
789008028,263,jonasBoss,2022-01-20,True
789113707,263,sezanzeb,2022-01-20,True
789117001,263,sezanzeb,2022-01-20,True
789188266,263,jonasBoss,2022-01-20,True
789204719,263,jonasBoss,2022-01-20,True
789565879,263,sezanzeb,2022-01-21,True
789571052,263,sezanzeb,2022-01-21,True
789686074,33,sezanzeb,2021-03-03,False
789692077,49,sezanzeb,2021-03-03,False
789738194,263,jonasBoss,2022-01-21,True
789755761,263,jonasBoss,2022-01-21,True
789848169,29,heschlie,2021-03-03,False
789876295,33,mauritzn,2021-03-03,False
789973267,33,sezanzeb,2021-03-03,False
789975876,29,sezanzeb,2021-03-03,False
789978773,36,sezanzeb,2021-03-03,False
790001382,29,heschlie,2021-03-03,False
790015749,29,heschlie,2021-03-03,False
790072506,29,sezanzeb,2021-03-03,False
790089198,29,heschlie,2021-03-03,False
790114973,29,sezanzeb,2021-03-03,False
790144381,263,sezanzeb,2022-01-22,True
790145020,263,sezanzeb,2022-01-22,True
790146837,263,sezanzeb,2022-01-22,True
790147367,263,sezanzeb,2022-01-22,True
790147517,263,sezanzeb,2022-01-22,True
790147647,263,sezanzeb,2022-01-22,True
790151030,263,sezanzeb,2022-01-22,True
790152726,263,sezanzeb,2022-01-22,True
790153465,263,sezanzeb,2022-01-22,True
790153783,263,sezanzeb,2022-01-22,True
790154581,263,sezanzeb,2022-01-22,True
790157481,263,jonasBoss,2022-01-22,True
790157676,263,sezanzeb,2022-01-22,True
790157817,263,jonasBoss,2022-01-22,True
790158011,263,jonasBoss,2022-01-22,True
790159268,263,jonasBoss,2022-01-22,True
790159623,263,jonasBoss,2022-01-22,True
790160215,263,sezanzeb,2022-01-22,True
790161360,263,jonasBoss,2022-01-22,True
790162553,263,jonasBoss,2022-01-22,True
790163592,263,jonasBoss,2022-01-22,True
790163855,263,sezanzeb,2022-01-22,True
790166490,263,jonasBoss,2022-01-22,True
790166832,263,sezanzeb,2022-01-22,True
790167414,263,jonasBoss,2022-01-22,True
790167425,263,sezanzeb,2022-01-22,True
790169240,263,jonasBoss,2022-01-22,True
790169909,263,jonasBoss,2022-01-22,True
790170220,263,sezanzeb,2022-01-22,True
790170888,263,jonasBoss,2022-01-22,True
790173086,263,jonasBoss,2022-01-22,True
790176848,263,sezanzeb,2022-01-22,True
790177278,263,sezanzeb,2022-01-22,True
790182323,263,jonasBoss,2022-01-22,True
790188071,263,sezanzeb,2022-01-22,True
790188313,263,sezanzeb,2022-01-22,True
790195952,263,jonasBoss,2022-01-22,True
790242997,33,mauritzn,2021-03-04,False
790257387,263,sezanzeb,2022-01-23,True
790257679,263,sezanzeb,2022-01-23,True
790263370,263,jonasBoss,2022-01-23,True
790278243,263,jonasBoss,2022-01-23,True
790408708,49,LexRiver,2021-03-04,False
790420893,33,sezanzeb,2021-03-04,False
790426819,49,sezanzeb,2021-03-04,False
790714257,33,mauritzn,2021-03-04,False
790762718,33,sezanzeb,2021-03-04,False
791262117,36,CarlosEkisde,2021-03-05,False
791999748,263,jonasBoss,2022-01-25,True
792051380,263,sezanzeb,2022-01-25,True
792075140,53,sezanzeb,2021-03-06,False
792101523,53,jim8989,2021-03-06,False
792239310,53,sezanzeb,2021-03-07,False
792240810,53,sezanzeb,2021-03-07,False
794093392,40,rijnhard,2021-03-09,False
795227806,275,sezanzeb,2022-01-30,True
795239208,275,sezanzeb,2022-01-30,True
796537964,56,sezanzeb,2021-03-11,False
796544394,40,sezanzeb,2021-03-11,False
796573301,40,skitt,2021-03-11,False
796667570,40,sezanzeb,2021-03-11,False
796702817,40,skitt,2021-03-11,False
797375880,57,sezanzeb,2021-03-12,False
797399327,57,wodzborsuk,2021-03-12,False
797494969,57,sezanzeb,2021-03-12,False
798776905,58,sezanzeb,2021-03-13,False
798791371,58,sezanzeb,2021-03-13,False
798792689,58,swt83,2021-03-13,False
798949304,53,jim8989,2021-03-14,False
799301062,53,sezanzeb,2021-03-15,False
799371996,59,sezanzeb,2021-03-15,False
799403779,59,Amdarin,2021-03-15,False
799448359,60,sezanzeb,2021-03-15,False
799449020,59,sezanzeb,2021-03-15,False
800168326,60,Amdarin,2021-03-16,False
800200980,59,JonasLoos,2021-03-16,False
800205401,267,LunNova,2022-02-06,True
800205436,267,LunNova,2022-02-06,True
800205531,267,LunNova,2022-02-06,True
800244496,267,sezanzeb,2022-02-06,True
800244675,267,sezanzeb,2022-02-06,True
800244938,267,sezanzeb,2022-02-06,True
800269170,267,LunNova,2022-02-07,True
800269189,267,LunNova,2022-02-07,True
800316223,60,sezanzeb,2021-03-16,False
800316880,61,sezanzeb,2021-03-16,False
800351179,61,JonasLoos,2021-03-16,False
800393473,60,Amdarin,2021-03-16,False
800487449,60,sezanzeb,2021-03-16,False
800579098,59,sezanzeb,2021-03-16,False
800659335,289,sezanzeb,2022-02-07,True
800698657,289,jose1711,2022-02-07,True
800866257,288,sezanzeb,2022-02-07,True
801152009,288,jose1711,2022-02-07,True
801404576,61,sezanzeb,2021-03-17,False
801410987,288,sezanzeb,2022-02-08,True
801411464,288,sezanzeb,2022-02-08,True
801419658,288,jose1711,2022-02-08,True
801443350,288,sezanzeb,2022-02-08,True
801447033,288,sezanzeb,2022-02-08,True
801448336,288,sezanzeb,2022-02-08,True
801500628,61,JonasLoos,2021-03-17,False
801519090,59,JonasLoos,2021-03-18,False
801775059,288,LunNova,2022-02-08,True
801781363,59,sezanzeb,2021-03-18,False
801786192,59,sezanzeb,2021-03-18,False
801807197,60,sezanzeb,2021-03-18,False
801813669,288,sezanzeb,2022-02-08,True
801832339,60,Amdarin,2021-03-18,False
801834463,60,sezanzeb,2021-03-18,False
801835506,53,sezanzeb,2021-03-18,False
801839370,64,sezanzeb,2021-03-18,False
801840742,60,Amdarin,2021-03-18,False
801841511,288,jose1711,2022-02-08,True
802028001,59,JonasLoos,2021-03-18,False
802201110,60,sezanzeb,2021-03-18,False
802355537,60,Amdarin,2021-03-18,False
802382092,65,sezanzeb,2021-03-18,False
802388412,64,sezanzeb,2021-03-18,False
802731828,65,JonasLoos,2021-03-19,False
803165798,65,sezanzeb,2021-03-19,False
803178094,65,JonasLoos,2021-03-19,False
803193500,65,sezanzeb,2021-03-19,False
803292197,65,sezanzeb,2021-03-20,False
803300557,65,JonasLoos,2021-03-20,False
803300982,65,sezanzeb,2021-03-20,False
803312002,65,JonasLoos,2021-03-20,False
803495840,66,sezanzeb,2021-03-21,False
803578148,65,sezanzeb,2021-03-21,False
803578505,67,sezanzeb,2021-03-21,False
803586916,66,mmazur,2021-03-21,False
803594829,65,JonasLoos,2021-03-21,False
803604507,68,mmazur,2021-03-21,False
803615619,69,sezanzeb,2021-03-21,False
803615858,68,sezanzeb,2021-03-21,False
803619925,69,mmazur,2021-03-21,False
803621662,68,mmazur,2021-03-21,False
803635367,67,sezanzeb,2021-03-21,False
803635954,65,sezanzeb,2021-03-21,False
803648222,65,sezanzeb,2021-03-21,False
803649870,65,sezanzeb,2021-03-21,False
803900147,65,sezanzeb,2021-03-22,False
803987205,65,JonasLoos,2021-03-22,False
804326052,70,sezanzeb,2021-03-22,False
805663699,71,sezanzeb,2021-03-24,False
806484309,72,sezanzeb,2021-03-25,False
806526561,72,Kierek,2021-03-25,False
806554338,72,sezanzeb,2021-03-25,False
807848282,73,sezanzeb,2021-03-26,False
808059600,73,jose1711,2021-03-26,False
808105265,73,sezanzeb,2021-03-26,False
808112667,73,jose1711,2021-03-26,False
808676247,73,sezanzeb,2021-03-27,False
808690279,49,LexRiver,2021-03-27,False
808724489,65,sezanzeb,2021-03-27,False
808764388,49,sezanzeb,2021-03-27,False
808809592,73,jose1711,2021-03-27,False
808817699,73,sezanzeb,2021-03-27,False
808880607,73,sezanzeb,2021-03-28,False
808884710,73,jose1711,2021-03-28,False
808885092,73,jose1711,2021-03-28,False
808885616,73,jose1711,2021-03-28,False
808907098,33,sezanzeb,2021-03-28,False
808909421,4,sezanzeb,2021-03-28,False
808915599,33,sezanzeb,2021-03-28,False
808926651,33,mauritzn,2021-03-28,False
808936816,73,sezanzeb,2021-03-28,False
808938034,33,sezanzeb,2021-03-28,False
808947369,73,sezanzeb,2021-03-28,False
808948336,73,jose1711,2021-03-28,False
808949173,73,jose1711,2021-03-28,False
808949386,73,sezanzeb,2021-03-28,False
808950244,73,sezanzeb,2021-03-28,False
808951330,73,jose1711,2021-03-28,False
808952428,73,sezanzeb,2021-03-28,False
808958057,73,jose1711,2021-03-28,False
808958989,73,sezanzeb,2021-03-28,False
808962259,73,sezanzeb,2021-03-28,False
808967145,73,jose1711,2021-03-28,False
808970455,73,sezanzeb,2021-03-28,False
808972070,73,sezanzeb,2021-03-28,False
808974091,73,jose1711,2021-03-28,False
808975470,73,sezanzeb,2021-03-28,False
809231735,33,sezanzeb,2021-03-29,False
809265213,33,mauritzn,2021-03-29,False
809269095,33,sezanzeb,2021-03-29,False
809315221,33,sezanzeb,2021-03-29,False
809342606,33,sezanzeb,2021-03-29,False
809343548,33,mauritzn,2021-03-29,False
809344496,33,mauritzn,2021-03-29,False
809665979,74,jose1711,2021-03-29,False
809697486,74,sezanzeb,2021-03-29,False
809711314,74,jose1711,2021-03-29,False
809716122,74,sezanzeb,2021-03-29,False
809717698,74,jose1711,2021-03-29,False
809719233,74,sezanzeb,2021-03-29,False
809727945,74,jose1711,2021-03-29,False
809732838,74,sezanzeb,2021-03-29,False
809738170,74,jose1711,2021-03-29,False
809738958,74,sezanzeb,2021-03-29,False
809743359,74,sezanzeb,2021-03-29,False
809749266,74,jose1711,2021-03-29,False
810274930,76,sezanzeb,2021-03-30,False
810278938,76,jose1711,2021-03-30,False
810281660,76,jose1711,2021-03-30,False
811256124,33,dtruesdale88,2021-03-31,False
812194432,77,paranoidfactoid,2021-04-01,False
812199505,77,paranoidfactoid,2021-04-01,False
812219208,76,sezanzeb,2021-04-01,False
812219953,77,sezanzeb,2021-04-01,False
812233575,76,jose1711,2021-04-01,False
812469013,73,sezanzeb,2021-04-02,False
812488315,77,jose1711,2021-04-02,False
812492499,77,sezanzeb,2021-04-02,False
812496563,76,sezanzeb,2021-04-02,False
812522560,75,sezanzeb,2021-04-02,False
812557004,37,sezanzeb,2021-04-02,False
813028220,33,sezanzeb,2021-04-04,False
814849413,33,mauritzn,2021-04-07,False
815549739,79,sezanzeb,2021-04-08,False
815553559,33,sezanzeb,2021-04-08,False
815688017,81,sezanzeb,2021-04-08,False
815704875,77,sezanzeb,2021-04-08,False
815945731,81,mauritzn,2021-04-08,False
816151406,79,aonphleacs,2021-04-08,False
816592203,82,Blaimi,2021-04-09,False
816609042,83,Blaimi,2021-04-09,False
816657292,84,sezanzeb,2021-04-09,False
816668780,84,jose1711,2021-04-09,False
816677913,84,jose1711,2021-04-09,False
816718940,83,sezanzeb,2021-04-09,False
816724648,84,sezanzeb,2021-04-09,False
816728001,84,sezanzeb,2021-04-09,False
816736830,83,Blaimi,2021-04-09,False
816739389,83,sezanzeb,2021-04-09,False
816748037,83,Blaimi,2021-04-09,False
816766466,83,sezanzeb,2021-04-09,False
816797908,83,Blaimi,2021-04-09,False
816875722,83,sezanzeb,2021-04-09,False
816886491,78,sezanzeb,2021-04-09,False
816941648,84,jose1711,2021-04-09,False
816962382,78,jose1711,2021-04-09,False
816966339,78,sezanzeb,2021-04-09,False
816974995,78,jose1711,2021-04-09,False
817105650,77,sezanzeb,2021-04-10,False
817107852,36,sezanzeb,2021-04-10,False
817116974,84,sezanzeb,2021-04-10,False
817185226,84,jose1711,2021-04-10,False
817271753,85,sezanzeb,2021-04-11,False
817273934,84,sezanzeb,2021-04-11,False
817299935,89,sezanzeb,2021-04-11,False
817304077,85,byron-hawkins,2021-04-11,False
817346322,85,sezanzeb,2021-04-11,False
817351620,85,byron-hawkins,2021-04-11,False
817352553,85,sezanzeb,2021-04-11,False
817374579,85,byron-hawkins,2021-04-11,False
817402392,85,sezanzeb,2021-04-12,False
818092147,91,sezanzeb,2021-04-12,False
818501992,72,matt-vdv,2021-04-13,False
818832933,36,CarlosEkisde,2021-04-13,False
818908693,36,sezanzeb,2021-04-13,False
818909131,94,sezanzeb,2021-04-13,False
818911701,91,sezanzeb,2021-04-13,False
818915228,92,sezanzeb,2021-04-13,False
818926623,92,jose1711,2021-04-13,False
818931285,92,sezanzeb,2021-04-13,False
818982100,89,sezanzeb,2021-04-13,False
818991985,91,matt-vdv,2021-04-13,False
819005454,91,sezanzeb,2021-04-13,False
819006458,94,reidellawfirm,2021-04-13,False
819007428,94,sezanzeb,2021-04-13,False
819013636,93,sezanzeb,2021-04-13,False
819018863,93,jose1711,2021-04-13,False
819020140,93,sezanzeb,2021-04-13,False
819022770,93,jose1711,2021-04-13,False
819026719,91,matt-vdv,2021-04-13,False
819056781,93,sezanzeb,2021-04-13,False
819075949,93,jose1711,2021-04-13,False
819086344,93,sezanzeb,2021-04-13,False
819089811,93,sezanzeb,2021-04-13,False
819104800,93,jose1711,2021-04-13,False
819333743,93,sezanzeb,2021-04-14,False
819363961,82,skitt,2021-04-14,False
819399923,82,sezanzeb,2021-04-14,False
819698340,80,matt-vdv,2021-04-14,False
820672132,82,sezanzeb,2021-04-15,False
821142913,98,sezanzeb,2021-04-16,False
821143618,82,sezanzeb,2021-04-16,False
821170874,98,simona70,2021-04-16,False
821218163,99,sezanzeb,2021-04-16,False
821234583,82,Blaimi,2021-04-16,False
821849935,93,sezanzeb,2021-04-17,False
821854015,93,jose1711,2021-04-17,False
821900398,93,sezanzeb,2021-04-17,False
822026222,93,jose1711,2021-04-18,False
823040741,100,sezanzeb,2021-04-20,False
823511096,100,vercingetorx,2021-04-20,False
823557484,100,sezanzeb,2021-04-20,False
823577152,100,vercingetorx,2021-04-20,False
823592064,100,sezanzeb,2021-04-20,False
823618987,100,vercingetorx,2021-04-20,False
823641712,100,sezanzeb,2021-04-20,False
824994322,102,sezanzeb,2021-04-22,False
825089738,102,jose1711,2021-04-22,False
825184080,102,sezanzeb,2021-04-22,False
825184887,93,sezanzeb,2021-04-22,False
825194875,89,sezanzeb,2021-04-22,False
825485440,36,CarlosEkisde,2021-04-23,False
825489311,93,jose1711,2021-04-23,False
825986604,36,sezanzeb,2021-04-23,False
826146627,104,pascualpobil,2021-04-24,False
826148291,103,limrick,2021-04-24,False
826160045,104,sezanzeb,2021-04-24,False
826181507,104,pascualpobil,2021-04-25,False
826192655,104,pascualpobil,2021-04-25,False
826274446,104,sezanzeb,2021-04-25,False
826359601,104,sezanzeb,2021-04-25,False
826360430,91,sezanzeb,2021-04-25,False
826396210,101,sezanzeb,2021-04-25,False
826398001,49,sezanzeb,2021-04-25,False
826398965,72,sezanzeb,2021-04-25,False
827068451,49,LexRiver,2021-04-26,False
827155409,72,sezanzeb,2021-04-26,False
827193043,79,sezanzeb,2021-04-26,False
827205359,82,sezanzeb,2021-04-26,False
827212579,49,sezanzeb,2021-04-26,False
827369037,82,skitt,2021-04-27,False
827414839,82,Blaimi,2021-04-27,False
827416387,82,skitt,2021-04-27,False
827438039,82,sezanzeb,2021-04-27,False
827742034,49,LexRiver,2021-04-27,False
827744589,79,aonphleacs,2021-04-27,False
827785671,107,sezanzeb,2021-04-27,False
827938282,106,sezanzeb,2021-04-27,False
827940216,106,sezanzeb,2021-04-27,False
827976691,49,sezanzeb,2021-04-27,False
828012770,79,sezanzeb,2021-04-27,False
828418738,107,matteoscrugli,2021-04-28,False
828473378,107,sezanzeb,2021-04-28,False
828475466,107,sezanzeb,2021-04-28,False
828511991,49,LexRiver,2021-04-28,False
828672862,49,sezanzeb,2021-04-28,False
828794662,107,matteoscrugli,2021-04-28,False
828799267,107,sezanzeb,2021-04-28,False
828834481,107,matteoscrugli,2021-04-28,False
828836352,107,sezanzeb,2021-04-28,False
828889031,107,matteoscrugli,2021-04-29,False
829019868,107,sezanzeb,2021-04-29,False
829134590,82,Blaimi,2021-04-29,False
829137935,40,Blaimi,2021-04-29,False
829190611,49,LexRiver,2021-04-29,False
829197889,49,sezanzeb,2021-04-29,False
829200975,49,LexRiver,2021-04-29,False
829202360,49,sezanzeb,2021-04-29,False
829276371,107,matteoscrugli,2021-04-29,False
829278736,107,sezanzeb,2021-04-29,False
829289414,107,matteoscrugli,2021-04-29,False
829295750,107,sezanzeb,2021-04-29,False
829298127,107,matteoscrugli,2021-04-29,False
829370035,79,aonphleacs,2021-04-29,False
829570229,107,sezanzeb,2021-04-29,False
829583719,106,skitt,2021-04-29,False
829652857,107,matteoscrugli,2021-04-29,False
829960222,346,github-actions[bot],2022-03-18,True
830271871,346,github-actions[bot],2022-03-18,True
830359072,49,sezanzeb,2021-04-30,False
830572329,110,sezanzeb,2021-05-01,False
830581879,110,sezanzeb,2021-05-01,False
830608321,49,LexRiver,2021-05-01,False
830612136,49,sezanzeb,2021-05-01,False
830617946,49,sezanzeb,2021-05-01,False
830619900,49,LexRiver,2021-05-01,False
830621116,49,sezanzeb,2021-05-01,False
830739936,110,gasdia73,2021-05-02,False
830828516,49,LexRiver,2021-05-02,False
831473555,82,skitt,2021-05-03,False
831512097,82,sezanzeb,2021-05-03,False
831622386,49,whot,2021-05-04,False
831778341,49,sezanzeb,2021-05-04,False
832547910,351,sezanzeb,2022-03-22,True
832634977,351,pourmand1376,2022-03-22,True
832636779,351,pourmand1376,2022-03-22,True
832644094,351,pourmand1376,2022-03-22,True
835461511,40,sezanzeb,2021-05-08,False
835488192,40,skitt,2021-05-08,False
835506598,40,sezanzeb,2021-05-08,False
835513334,72,dtruesdale88,2021-05-08,False
835515195,72,sezanzeb,2021-05-08,False
836238199,40,skitt,2021-05-10,False
839319093,331,sezanzeb,2022-03-31,True
839322401,331,sezanzeb,2022-03-31,True
846523882,112,sezanzeb,2021-05-23,False
849123400,32,jose1711,2021-05-26,False
849273801,32,mauritzn,2021-05-27,False
849426600,114,sezanzeb,2021-05-27,False
849434005,115,sezanzeb,2021-05-27,False
849438479,116,sezanzeb,2021-05-27,False
849442246,115,jose1711,2021-05-27,False
849628622,117,jose1711,2021-05-27,False
849639561,117,reidevries,2021-05-27,False
849649132,117,jose1711,2021-05-27,False
850085318,117,reidevries,2021-05-28,False
850222311,32,sezanzeb,2021-05-28,False
850790637,112,sezanzeb,2021-05-29,False
850792272,114,sezanzeb,2021-05-29,False
850991572,32,jose1711,2021-05-30,False
851476589,114,hsantanna,2021-05-31,False
852044265,114,sezanzeb,2021-06-01,False
854877450,118,sezanzeb,2021-06-04,False
855008094,118,anonimo82,2021-06-04,False
855017785,118,sezanzeb,2021-06-04,False
855019209,118,anonimo82,2021-06-04,False
855055597,118,anonimo82,2021-06-04,False
855189739,118,anonimo82,2021-06-05,False
855199474,118,sezanzeb,2021-06-05,False
855206938,118,anonimo82,2021-06-05,False
855212165,118,sezanzeb,2021-06-05,False
855684333,122,sezanzeb,2021-06-07,False
855698767,122,anonimo82,2021-06-07,False
855699890,121,sezanzeb,2021-06-07,False
855783843,122,sezanzeb,2021-06-07,False
855803829,122,anonimo82,2021-06-07,False
855809248,122,sezanzeb,2021-06-07,False
855810782,122,anonimo82,2021-06-07,False
855812292,122,sezanzeb,2021-06-07,False
855813773,122,sezanzeb,2021-06-07,False
855814218,122,anonimo82,2021-06-07,False
855996185,123,TRPB,2021-06-07,False
856051374,123,sezanzeb,2021-06-07,False
856054429,123,TRPB,2021-06-07,False
856055152,123,sezanzeb,2021-06-07,False
856057917,123,TRPB,2021-06-07,False
856059095,123,sezanzeb,2021-06-07,False
856061427,123,TRPB,2021-06-07,False
856063534,123,sezanzeb,2021-06-07,False
856064130,123,TRPB,2021-06-07,False
856185743,122,anonimo82,2021-06-07,False
856188034,122,sezanzeb,2021-06-07,False
856189923,122,anonimo82,2021-06-07,False
856209207,121,TRPB,2021-06-07,False
856226347,121,sezanzeb,2021-06-07,False
856227599,109,sezanzeb,2021-06-07,False
856441305,122,anonimo82,2021-06-08,False
856524993,124,sezanzeb,2021-06-08,False
856528636,122,sezanzeb,2021-06-08,False
856625405,122,anonimo82,2021-06-08,False
856668009,122,sezanzeb,2021-06-08,False
856668459,120,sezanzeb,2021-06-08,False
856744578,122,anonimo82,2021-06-08,False
857110512,124,pranamd1,2021-06-08,False
857115262,124,sezanzeb,2021-06-08,False
857140402,124,pranamd1,2021-06-08,False
857144174,124,sezanzeb,2021-06-08,False
857908806,125,sezanzeb,2021-06-09,False
857926062,125,anonimo82,2021-06-09,False
858071772,125,anonimo82,2021-06-09,False
858097971,125,sezanzeb,2021-06-09,False
858104087,125,anonimo82,2021-06-09,False
858107349,125,sezanzeb,2021-06-09,False
858108071,125,anonimo82,2021-06-09,False
858108785,125,sezanzeb,2021-06-09,False
858111084,125,anonimo82,2021-06-09,False
858116448,125,sezanzeb,2021-06-09,False
858123806,125,anonimo82,2021-06-09,False
858128556,125,sezanzeb,2021-06-09,False
858128682,125,anonimo82,2021-06-09,False
858174411,125,anonimo82,2021-06-09,False
860224792,126,sezanzeb,2021-06-13,False
860833869,126,fecet,2021-06-14,False
860933782,126,sezanzeb,2021-06-14,False
861285999,126,sarimak,2021-06-15,False
861556984,124,sezanzeb,2021-06-15,False
861795385,127,sezanzeb,2021-06-15,False
861817196,121,sezanzeb,2021-06-15,False
865975097,128,sezanzeb,2021-06-22,False
865977942,128,sezanzeb,2021-06-22,False
866106785,128,saikat0511,2021-06-22,False
866167440,128,sezanzeb,2021-06-22,False
866200606,128,saikat0511,2021-06-22,False
867973873,71,jose1711,2021-06-24,False
868318812,71,sezanzeb,2021-06-25,False
869071749,71,jose1711,2021-06-26,False
869117292,397,jonasBoss,2022-05-10,True
869124039,71,sezanzeb,2021-06-27,False
869156616,397,sezanzeb,2022-05-10,True
870771515,131,sezanzeb,2021-06-29,False
870818957,131,WilliamHe23,2021-06-29,False
871600662,131,sezanzeb,2021-06-30,False
871688395,131,WilliamHe23,2021-06-30,False
872543277,131,sezanzeb,2021-07-01,False
872548349,126,sezanzeb,2021-07-01,False
872616377,131,WilliamHe23,2021-07-01,False
872844152,131,sezanzeb,2021-07-02,False
873207403,131,WilliamHe23,2021-07-02,False
873468281,71,jose1711,2021-07-03,False
873556155,71,sezanzeb,2021-07-04,False
875215993,120,hsantanna,2021-07-07,False
875936825,120,sezanzeb,2021-07-07,False
877028417,135,sezanzeb,2021-07-09,False
877031970,135,slhck,2021-07-09,False
877033017,135,sezanzeb,2021-07-09,False
877038756,135,slhck,2021-07-09,False
877051850,135,sezanzeb,2021-07-09,False
877052718,135,sezanzeb,2021-07-09,False
877059773,135,slhck,2021-07-09,False
878568729,140,sezanzeb,2021-07-12,False
878569219,109,sezanzeb,2021-07-12,False
878570399,83,sezanzeb,2021-07-12,False
878574839,140,spi43984,2021-07-12,False
878575367,83,Blaimi,2021-07-12,False
878577945,141,sezanzeb,2021-07-12,False
878579006,140,sezanzeb,2021-07-12,False
878581368,140,sezanzeb,2021-07-12,False
878746165,142,mtwb47,2021-07-13,False
878890952,143,sezanzeb,2021-07-13,False
878891208,142,sezanzeb,2021-07-13,False
879081743,140,spi43984,2021-07-13,False
879106274,140,sezanzeb,2021-07-13,False
879203000,140,spi43984,2021-07-13,False
879265624,140,sezanzeb,2021-07-13,False
880189927,144,sezanzeb,2021-07-14,False
880217262,144,robkam,2021-07-14,False
880222367,144,sezanzeb,2021-07-14,False
880223649,144,robkam,2021-07-14,False
880224398,144,sezanzeb,2021-07-14,False
880226649,144,sezanzeb,2021-07-14,False
880231510,144,robkam,2021-07-14,False
880576400,145,sezanzeb,2021-07-15,False
880685597,144,sezanzeb,2021-07-15,False
880764847,144,robkam,2021-07-15,False
880854705,144,sezanzeb,2021-07-15,False
880906525,144,robkam,2021-07-15,False
881037106,146,sezanzeb,2021-07-15,False
881584135,144,robkam,2021-07-16,False
881862817,144,sezanzeb,2021-07-17,False
881906007,144,robkam,2021-07-17,False
881934383,144,sezanzeb,2021-07-17,False
882437017,148,sezanzeb,2021-07-19,False
882874425,148,purpleshadows,2021-07-19,False
882904144,148,sezanzeb,2021-07-19,False
883972306,150,sezanzeb,2021-07-21,False
884205392,140,spi43984,2021-07-21,False
884821489,140,sezanzeb,2021-07-22,False
884823018,40,sezanzeb,2021-07-22,False
884872461,144,robkam,2021-07-22,False
884876545,140,spi43984,2021-07-22,False
885243767,144,robkam,2021-07-22,False
886019016,151,sezanzeb,2021-07-24,False
886019289,151,sezanzeb,2021-07-24,False
886036883,151,pascualpobil,2021-07-24,False
886166265,152,sezanzeb,2021-07-25,False
886167001,151,sezanzeb,2021-07-25,False
886177966,152,SebiTimeWaster,2021-07-25,False
886188854,151,pascualpobil,2021-07-25,False
886190011,151,sezanzeb,2021-07-25,False
886202090,151,pascualpobil,2021-07-25,False
886246035,151,sezanzeb,2021-07-25,False
886259907,151,pascualpobil,2021-07-25,False
886264914,151,pascualpobil,2021-07-25,False
886266297,151,sezanzeb,2021-07-25,False
886274777,153,KayTaneJupiter,2021-07-25,False
886864619,140,spi43984,2021-07-26,False
887438934,140,sezanzeb,2021-07-27,False
887458690,140,spi43984,2021-07-27,False
887535757,140,sezanzeb,2021-07-27,False
887536890,140,sezanzeb,2021-07-27,False
887615274,140,spi43984,2021-07-27,False
887624641,140,sezanzeb,2021-07-27,False
887627850,140,sezanzeb,2021-07-27,False
887838263,154,sezanzeb,2021-07-27,False
888232163,155,sezanzeb,2021-07-28,False
890077817,154,letterlock,2021-07-30,False
890125027,154,sezanzeb,2021-07-30,False
890299849,155,kllmanu,2021-07-31,False
890314770,155,sezanzeb,2021-07-31,False
890340799,40,skitt,2021-07-31,False
892189282,154,ghost,2021-08-03,False
892476704,159,sezanzeb,2021-08-04,False
892505430,154,sezanzeb,2021-08-04,False
894536487,154,ghost,2021-08-06,False
894722190,160,sezanzeb,2021-08-08,False
894744977,160,cybermaus,2021-08-08,False
894779169,160,sezanzeb,2021-08-08,False
895038327,375,sezanzeb,2022-06-11,True
895039392,375,sezanzeb,2022-06-11,True
895039611,375,sezanzeb,2022-06-11,True
895039861,375,sezanzeb,2022-06-11,True
895040009,375,sezanzeb,2022-06-11,True
895040096,375,sezanzeb,2022-06-11,True
895046125,375,jonasBoss,2022-06-11,True
895046567,375,jonasBoss,2022-06-11,True
895049523,375,jonasBoss,2022-06-11,True
895050080,375,jonasBoss,2022-06-11,True
895051107,375,jonasBoss,2022-06-11,True
895060303,375,sezanzeb,2022-06-11,True
895060339,375,sezanzeb,2022-06-11,True
895060569,375,sezanzeb,2022-06-11,True
895060855,375,sezanzeb,2022-06-11,True
895066116,375,jonasBoss,2022-06-11,True
895066234,375,jonasBoss,2022-06-11,True
895067329,375,jonasBoss,2022-06-11,True
895124191,375,sezanzeb,2022-06-12,True
895179339,375,jonasBoss,2022-06-12,True
895180133,375,sezanzeb,2022-06-12,True
895188344,375,jonasBoss,2022-06-12,True
895265570,161,NoXPhasma,2021-08-09,False
895346275,161,cybermaus,2021-08-09,False
895367740,161,NoXPhasma,2021-08-09,False
898437495,162,tukkek,2021-08-13,False
898491561,128,saikat0511,2021-08-13,False
898955540,162,sezanzeb,2021-08-14,False
899026774,159,sezanzeb,2021-08-15,False
899026979,154,sezanzeb,2021-08-15,False
900337631,40,skitt,2021-08-17,False
900357014,40,sezanzeb,2021-08-17,False
900632432,167,sezanzeb,2021-08-17,False
900670715,167,pjamargh,2021-08-17,False
900799251,160,cybermaus,2021-08-18,False
900912443,160,sezanzeb,2021-08-18,False
900917270,160,sezanzeb,2021-08-18,False
900952958,160,cybermaus,2021-08-18,False
900999239,167,sezanzeb,2021-08-18,False
901088934,160,sezanzeb,2021-08-18,False
901339473,167,pjamargh,2021-08-18,False
901386340,160,cybermaus,2021-08-18,False
901458814,167,sezanzeb,2021-08-18,False
901464808,160,sezanzeb,2021-08-18,False
901735586,160,cybermaus,2021-08-19,False
902140468,170,sezanzeb,2021-08-19,False
902149738,168,sezanzeb,2021-08-19,False
902826722,168,cybermaus,2021-08-20,False
903089442,168,sezanzeb,2021-08-21,False
903091719,168,sezanzeb,2021-08-21,False
903092734,168,sezanzeb,2021-08-21,False
903109314,168,cybermaus,2021-08-21,False
903147873,168,cybermaus,2021-08-21,False
903241855,171,sezanzeb,2021-08-22,False
903242622,168,sezanzeb,2021-08-22,False
903248943,168,cybermaus,2021-08-22,False
903253635,168,sezanzeb,2021-08-22,False
903255729,168,sezanzeb,2021-08-22,False
903261464,168,cybermaus,2021-08-22,False
903262132,168,sezanzeb,2021-08-22,False
904357264,168,sezanzeb,2021-08-24,False
904454561,172,sezanzeb,2021-08-24,False
905277546,173,sezanzeb,2021-08-25,False
906207454,174,sezanzeb,2021-08-26,False
906208301,174,sezanzeb,2021-08-26,False
907642123,167,sezanzeb,2021-08-28,False
908089356,175,sezanzeb,2021-08-30,False
908359357,175,joebonneau,2021-08-30,False
908504670,171,reesericci,2021-08-30,False
908511018,21,reesericci,2021-08-30,False
908633246,21,sezanzeb,2021-08-30,False
908634370,171,sezanzeb,2021-08-30,False
908635036,175,sezanzeb,2021-08-30,False
908643053,21,sezanzeb,2021-08-30,False
908643211,31,sezanzeb,2021-08-30,False
909049710,168,cybermaus,2021-08-31,False
909053454,168,sezanzeb,2021-08-31,False
909153598,21,reesericci,2021-08-31,False
909155760,21,sezanzeb,2021-08-31,False
909280045,21,reesericci,2021-08-31,False
909388496,162,sezanzeb,2021-08-31,False
909648668,167,pjamargh,2021-08-31,False
909667099,178,pjamargh,2021-08-31,False
909877544,175,joebonneau,2021-09-01,False
910033672,175,sezanzeb,2021-09-01,False
910336048,178,pjamargh,2021-09-01,False
910379737,178,sezanzeb,2021-09-01,False
910399430,178,pjamargh,2021-09-01,False
910403607,178,pjamargh,2021-09-01,False
910429081,178,sezanzeb,2021-09-01,False
912358491,180,sezanzeb,2021-09-03,False
912359952,181,sezanzeb,2021-09-03,False
912449503,172,sezanzeb,2021-09-03,False
912478500,180,Mitchell128134,2021-09-03,False
912485513,181,RistrettoMike,2021-09-03,False
912514719,180,sezanzeb,2021-09-03,False
912564654,180,Mitchell128134,2021-09-03,False
912582287,180,sezanzeb,2021-09-03,False
912592227,176,sezanzeb,2021-09-03,False
912917996,172,LaurentOngaro,2021-09-04,False
913223933,181,Underknowledge,2021-09-05,False
913328936,181,ghost,2021-09-06,False
913495281,181,sezanzeb,2021-09-06,False
913706067,181,ghost,2021-09-06,False
913772874,181,sezanzeb,2021-09-06,False
913773083,181,sezanzeb,2021-09-06,False
913786744,182,sezanzeb,2021-09-06,False
913871950,181,ghost,2021-09-06,False
913872443,181,sezanzeb,2021-09-06,False
913874019,181,sezanzeb,2021-09-06,False
913899581,175,joebonneau,2021-09-06,False
914259716,181,RistrettoMike,2021-09-07,False
914274902,181,Underknowledge,2021-09-07,False
914327014,175,sezanzeb,2021-09-07,False
914331590,181,sezanzeb,2021-09-07,False
914332786,181,sezanzeb,2021-09-07,False
914412968,181,RistrettoMike,2021-09-07,False
914511756,181,ghost,2021-09-07,False
914559607,181,sezanzeb,2021-09-07,False
914648693,181,ghost,2021-09-07,False
916460219,128,saikat0511,2021-09-09,False
917370748,427,jonasBoss,2022-07-10,True
917372873,427,sezanzeb,2022-07-10,True
917380156,427,jonasBoss,2022-07-10,True
917527828,171,reesericci,2021-09-12,False
917527888,171,reesericci,2021-09-12,False
917666326,171,sezanzeb,2021-09-12,False
922065799,183,sezanzeb,2021-09-17,False
922248070,184,sezanzeb,2021-09-18,False
922451833,185,sezanzeb,2021-09-19,False
922500836,185,LPFchan,2021-09-19,False
922502869,185,sezanzeb,2021-09-19,False
922600267,185,LPFchan,2021-09-20,False
922699026,185,sezanzeb,2021-09-20,False
922775622,183,nan0tube,2021-09-20,False
922817179,183,sezanzeb,2021-09-20,False
923646888,183,nan0tube,2021-09-21,False
923692188,183,sezanzeb,2021-09-21,False
924292469,183,sezanzeb,2021-09-21,False
924407327,183,sezanzeb,2021-09-21,False
924415536,183,sezanzeb,2021-09-21,False
924432082,183,sezanzeb,2021-09-21,False
924433581,120,sezanzeb,2021-09-21,False
924677378,49,sezanzeb,2021-09-22,False
924699404,183,sezanzeb,2021-09-22,False
925085656,183,sezanzeb,2021-09-22,False
925470502,183,nan0tube,2021-09-23,False
925601026,183,sezanzeb,2021-09-23,False
925628406,183,nan0tube,2021-09-23,False
925691340,183,sezanzeb,2021-09-23,False
926023212,181,RistrettoMike,2021-09-23,False
926486643,183,nan0tube,2021-09-24,False
926517485,183,nan0tube,2021-09-24,False
926579166,183,sezanzeb,2021-09-24,False
927270578,183,sezanzeb,2021-09-26,False
927461691,183,nan0tube,2021-09-27,False
927707394,183,sezanzeb,2021-09-27,False
927949232,183,sezanzeb,2021-09-27,False
928100272,427,jonasBoss,2022-07-23,True
928281937,186,sezanzeb,2021-09-27,False
928578613,440,sezanzeb,2022-07-25,True
928589880,440,sezanzeb,2022-07-25,True
928592397,440,sezanzeb,2022-07-25,True
928609406,440,jonasBoss,2022-07-25,True
928620407,440,jonasBoss,2022-07-25,True
928970149,183,nan0tube,2021-09-28,False
928977949,127,Underknowledge,2021-09-28,False
928981845,127,sezanzeb,2021-09-28,False
929020662,127,sarimak,2021-09-28,False
929544030,127,sarimak,2021-09-28,False
929553875,127,sezanzeb,2021-09-28,False
930452778,121,sezanzeb,2021-09-29,False
930554395,168,sezanzeb,2021-09-29,False
931159471,186,sezanzeb,2021-09-30,False
931202103,127,sezanzeb,2021-09-30,False
932425940,127,sarimak,2021-10-01,False
932634633,183,sezanzeb,2021-10-01,False
932634998,180,sezanzeb,2021-10-01,False
932635238,175,sezanzeb,2021-10-01,False
932635712,184,sezanzeb,2021-10-01,False
932721729,127,Underknowledge,2021-10-02,False
932722496,170,sezanzeb,2021-10-02,False
932761365,127,sarimak,2021-10-02,False
932818383,183,sezanzeb,2021-10-02,False
932947522,109,sezanzeb,2021-10-03,False
933404609,187,sezanzeb,2021-10-04,False
933771883,187,Friday13th87,2021-10-04,False
933773058,187,sezanzeb,2021-10-04,False
933801010,187,Friday13th87,2021-10-04,False
933809082,187,sezanzeb,2021-10-04,False
933813981,187,Friday13th87,2021-10-04,False
933814920,187,sezanzeb,2021-10-04,False
933816654,187,Friday13th87,2021-10-04,False
933823462,187,sezanzeb,2021-10-04,False
934133648,183,nan0tube,2021-10-05,False
937571106,109,sezanzeb,2021-10-07,False
939868397,183,sezanzeb,2021-10-11,False
939888002,80,sezanzeb,2021-10-11,False
940623878,183,nan0tube,2021-10-12,False
940960689,191,jose1711,2021-10-12,False
940984926,185,sezanzeb,2021-10-12,False
941135358,192,sezanzeb,2021-10-12,False
941192082,191,nlepage,2021-10-12,False
941224167,191,albanobattistella,2021-10-12,False
941233219,191,sezanzeb,2021-10-12,False
948409906,195,sezanzeb,2021-10-21,False
948414902,195,sezanzeb,2021-10-21,False
948415954,195,sezanzeb,2021-10-21,False
948418216,195,sezanzeb,2021-10-21,False
948875770,195,figadore,2021-10-21,False
948883279,196,sezanzeb,2021-10-21,False
949421449,197,sezanzeb,2021-10-22,False
949423462,197,sezanzeb,2021-10-22,False
949425952,197,sezanzeb,2021-10-22,False
949577435,197,saikat0511,2021-10-22,False
949592748,197,saikat0511,2021-10-22,False
949599163,197,saikat0511,2021-10-22,False
949619519,197,sezanzeb,2021-10-22,False
949652854,197,saikat0511,2021-10-22,False
949666134,197,sezanzeb,2021-10-22,False
949674381,197,sezanzeb,2021-10-22,False
949754733,36,CarlosEkisde,2021-10-22,False
949839212,197,saikat0511,2021-10-22,False
949842217,197,sezanzeb,2021-10-22,False
949860711,197,saikat0511,2021-10-22,False
949871098,197,sezanzeb,2021-10-22,False
951825740,99,CarlosEkisde,2021-10-26,False
952040319,198,sezanzeb,2021-10-26,False
954100664,180,AhmedNourJamalElDin,2021-10-28,False
954651143,180,sezanzeb,2021-10-29,False
954666035,180,AhmedNourJamalElDin,2021-10-29,False
954666980,180,AhmedNourJamalElDin,2021-10-29,False
955206603,199,laserburn,2021-10-30,False
955594003,199,sezanzeb,2021-10-30,False
955596778,199,laserburn,2021-10-30,False
955599107,199,sezanzeb,2021-10-30,False
956571454,458,sezanzeb,2022-08-27,True
956571519,458,sezanzeb,2022-08-27,True
956571618,458,sezanzeb,2022-08-27,True
956571816,458,sezanzeb,2022-08-27,True
956690188,458,jonasBoss,2022-08-28,True
956690317,458,jonasBoss,2022-08-28,True
956704596,458,sezanzeb,2022-08-28,True
956705721,458,jonasBoss,2022-08-28,True
956705839,458,sezanzeb,2022-08-28,True
958788175,198,sezanzeb,2021-11-03,False
958793094,173,sezanzeb,2021-11-03,False
959735996,168,sezanzeb,2021-11-03,False
960529810,197,Liniya,2021-11-04,False
960638688,197,sezanzeb,2021-11-04,False
960640229,200,sezanzeb,2021-11-04,False
960649024,200,daitj,2021-11-04,False
961144899,197,Liniya,2021-11-04,False
961290494,200,sezanzeb,2021-11-04,False
961849722,201,sezanzeb,2021-11-05,False
962049299,201,figadore,2021-11-05,False
962431152,201,sezanzeb,2021-11-06,False
962432018,202,sezanzeb,2021-11-06,False
962576601,203,sezanzeb,2021-11-07,False
962579232,200,sezanzeb,2021-11-07,False
962933964,197,Liniya,2021-11-08,False
963407698,197,sezanzeb,2021-11-08,False
963827590,201,figadore,2021-11-09,False
964019783,204,sezanzeb,2021-11-09,False
964029501,201,sezanzeb,2021-11-09,False
964037934,202,sezanzeb,2021-11-09,False
964353616,197,Liniya,2021-11-09,False
964400290,197,sezanzeb,2021-11-09,False
964434234,201,figadore,2021-11-09,False
964759423,204,och4,2021-11-10,False
964998861,204,sezanzeb,2021-11-10,False
964999609,201,sezanzeb,2021-11-10,False
965004049,201,sezanzeb,2021-11-10,False
965007743,206,sezanzeb,2021-11-10,False
965021985,206,sezanzeb,2021-11-10,False
965330148,206,Darudas,2021-11-10,False
966919844,197,Liniya,2021-11-12,False
967716392,206,sezanzeb,2021-11-12,False
967716693,204,sezanzeb,2021-11-12,False
967971751,207,sezanzeb,2021-11-13,False
968128037,207,guy-who-googles,2021-11-13,False
968135704,207,sezanzeb,2021-11-13,False
968136565,205,sezanzeb,2021-11-13,False
968273847,197,sezanzeb,2021-11-14,False
968291945,197,sezanzeb,2021-11-14,False
968349758,207,guy-who-googles,2021-11-14,False
968353275,30,sezanzeb,2021-11-14,False
969007627,205,sezanzeb,2021-11-15,False
969928343,197,Liniya,2021-11-16,False
970166259,205,sezanzeb,2021-11-16,False
974565943,208,sezanzeb,2021-11-20,False
974642319,197,sezanzeb,2021-11-20,False
974644701,197,sezanzeb,2021-11-20,False
974821375,99,sezanzeb,2021-11-21,False
974895436,197,sezanzeb,2021-11-21,False
974897887,209,sezanzeb,2021-11-21,False
974898504,209,sezanzeb,2021-11-21,False
974907749,210,sezanzeb,2021-11-21,False
974910308,210,Fifis,2021-11-21,False
974910689,210,sezanzeb,2021-11-21,False
974912577,210,Fifis,2021-11-21,False
974913111,210,Fifis,2021-11-21,False
974913403,210,sezanzeb,2021-11-21,False
974915542,210,Fifis,2021-11-21,False
974916040,210,sezanzeb,2021-11-21,False
974957449,210,Fifis,2021-11-22,False
975265771,210,sezanzeb,2021-11-22,False
975670014,197,saikat0511,2021-11-22,False
975670708,197,sezanzeb,2021-11-22,False
975679700,197,saikat0511,2021-11-22,False
975687519,197,sezanzeb,2021-11-22,False
975969742,197,sezanzeb,2021-11-22,False
976942459,172,FeFiFoFu,2021-11-23,False
976951984,172,sezanzeb,2021-11-23,False
976977491,172,FeFiFoFu,2021-11-23,False
977009964,172,sezanzeb,2021-11-23,False
977015520,172,sezanzeb,2021-11-23,False
977046589,172,FeFiFoFu,2021-11-23,False
977061515,172,sezanzeb,2021-11-23,False
977120444,172,FeFiFoFu,2021-11-23,False
977621978,211,sezanzeb,2021-11-24,False
979500683,212,sezanzeb,2021-11-25,False
979509385,212,chorriwuarri,2021-11-25,False
979778192,212,sezanzeb,2021-11-26,False
979815189,212,chorriwuarri,2021-11-26,False
979819569,212,sezanzeb,2021-11-26,False
979832759,212,chorriwuarri,2021-11-26,False
979835962,212,sezanzeb,2021-11-26,False
979837886,212,sezanzeb,2021-11-26,False
979869816,212,chorriwuarri,2021-11-26,False
979874813,212,chorriwuarri,2021-11-26,False
979888292,213,sezanzeb,2021-11-26,False
979889597,213,sezanzeb,2021-11-26,False
979890978,212,sezanzeb,2021-11-26,False
979911665,212,chorriwuarri,2021-11-26,False
979916183,212,chorriwuarri,2021-11-26,False
979941449,213,adeadman,2021-11-26,False
979945747,213,adeadman,2021-11-26,False
979946450,213,sezanzeb,2021-11-26,False
979953968,212,sezanzeb,2021-11-26,False
979954460,212,sezanzeb,2021-11-26,False
979959674,212,sezanzeb,2021-11-26,False
979964990,213,adeadman,2021-11-26,False
979968936,213,sezanzeb,2021-11-26,False
979970363,212,chorriwuarri,2021-11-26,False
979972405,212,sezanzeb,2021-11-26,False
979973819,212,chorriwuarri,2021-11-26,False
979974049,212,sezanzeb,2021-11-26,False
979974557,212,chorriwuarri,2021-11-26,False
979976421,212,sezanzeb,2021-11-26,False
979985571,212,sezanzeb,2021-11-26,False
980051446,212,chorriwuarri,2021-11-26,False
980055396,212,sezanzeb,2021-11-26,False
980235387,212,chorriwuarri,2021-11-26,False
980537300,216,pablokal,2021-11-27,False
980537938,216,sezanzeb,2021-11-27,False
981048346,217,sezanzeb,2021-11-28,False
981048719,217,sezanzeb,2021-11-28,False
981050279,217,lululock71,2021-11-28,False
981051288,217,sezanzeb,2021-11-28,False
981052427,217,lululock71,2021-11-28,False
981052683,217,sezanzeb,2021-11-28,False
981052993,217,lululock71,2021-11-28,False
981056461,216,pablokal,2021-11-28,False
981056594,216,sezanzeb,2021-11-28,False
981057277,216,sezanzeb,2021-11-28,False
981057334,216,sezanzeb,2021-11-28,False
981455250,216,pablokal,2021-11-29,False
981529712,216,sezanzeb,2021-11-29,False
981538668,216,sezanzeb,2021-11-29,False
981710731,218,sezanzeb,2021-11-29,False
982296864,219,sezanzeb,2021-11-30,False
982951379,221,sezanzeb,2021-11-30,False
982952854,221,sezanzeb,2021-11-30,False
983357290,221,FrauH0lle,2021-12-01,False
983454699,221,sezanzeb,2021-12-01,False
983487611,220,sezanzeb,2021-12-01,False
983745875,221,sezanzeb,2021-12-01,False
983760676,205,sezanzeb,2021-12-01,False
983850558,221,FrauH0lle,2021-12-01,False
983925517,221,sezanzeb,2021-12-01,False
983931199,221,sezanzeb,2021-12-01,False
983935516,221,FrauH0lle,2021-12-01,False
983942631,221,sezanzeb,2021-12-01,False
983957042,221,FrauH0lle,2021-12-01,False
983983513,221,sezanzeb,2021-12-01,False
984353986,220,FrauH0lle,2021-12-02,False
984525363,220,sezanzeb,2021-12-02,False
984860127,203,jose1711,2021-12-02,False
984948829,203,sezanzeb,2021-12-02,False
984953219,203,sezanzeb,2021-12-02,False
984995407,222,sezanzeb,2021-12-02,False
984998330,222,jose1711,2021-12-02,False
985013577,222,sezanzeb,2021-12-02,False
985017855,223,sezanzeb,2021-12-02,False
985021217,222,jose1711,2021-12-02,False
985024497,222,sezanzeb,2021-12-02,False
985025481,223,jose1711,2021-12-02,False
985029991,223,sezanzeb,2021-12-02,False
985269554,484,github-actions[bot],2022-10-02,True
985280418,484,github-actions[bot],2022-10-02,True
985309761,484,github-actions[bot],2022-10-02,True
985309762,484,github-actions[bot],2022-10-02,True
986313930,225,sezanzeb,2021-12-05,False
986372889,225,byron-hawkins,2021-12-06,False
986532873,225,sezanzeb,2021-12-06,False
987646517,219,sezanzeb,2021-12-07,False
988001940,219,tmclane,2021-12-07,False
988042464,205,sezanzeb,2021-12-07,False
990720558,229,sezanzeb,2021-12-10,False
990794447,484,github-actions[bot],2022-10-09,True
990794448,484,github-actions[bot],2022-10-09,True
990794821,484,sezanzeb,2022-10-09,True
990799272,484,github-actions[bot],2022-10-09,True
990799658,484,github-actions[bot],2022-10-09,True
990799661,484,github-actions[bot],2022-10-09,True
990801309,230,sezanzeb,2021-12-10,False
991926142,231,sezanzeb,2021-12-12,False
992175812,231,nasirHo,2021-12-13,False
992293205,231,sezanzeb,2021-12-13,False
992378168,232,sezanzeb,2021-12-13,False
992495298,229,petrstepanov,2021-12-13,False
992497353,229,sezanzeb,2021-12-13,False
992518148,231,TheTRCG,2021-12-13,False
992527470,231,sezanzeb,2021-12-13,False
992531030,231,TheTRCG,2021-12-13,False
992546329,231,saikat0511,2021-12-13,False
992561299,231,sezanzeb,2021-12-13,False
992585852,229,jonasBoss,2021-12-13,False
992704254,232,jonasBoss,2021-12-13,False
992709230,231,TheTRCG,2021-12-13,False
992752741,231,sezanzeb,2021-12-13,False
993205175,231,TheTRCG,2021-12-14,False
993215150,231,saikat0511,2021-12-14,False
993217290,231,TheTRCG,2021-12-14,False
993219917,231,saikat0511,2021-12-14,False
993223773,231,TheTRCG,2021-12-14,False
993240442,231,sezanzeb,2021-12-14,False
993293038,218,KristerV,2021-12-14,False
993299996,218,sezanzeb,2021-12-14,False
993319563,218,KristerV,2021-12-14,False
993321022,218,sezanzeb,2021-12-14,False
993679264,232,jonasBoss,2021-12-14,False
993818046,484,github-actions[bot],2022-10-12,True
993818048,484,github-actions[bot],2022-10-12,True
993821309,231,mattzab,2021-12-14,False
993830203,231,saikat0511,2021-12-14,False
994469465,484,jonasBoss,2022-10-13,True
994475870,484,jonasBoss,2022-10-13,True
994482723,484,jonasBoss,2022-10-13,True
994515192,484,jonasBoss,2022-10-13,True
994549718,484,jonasBoss,2022-10-13,True
994561181,484,jonasBoss,2022-10-13,True
994805720,232,sezanzeb,2021-12-15,False
994806956,232,sezanzeb,2021-12-15,False
994845396,218,sezanzeb,2021-12-15,False
994905228,218,sezanzeb,2021-12-15,False
994908620,218,skitt,2021-12-15,False
994909390,218,sezanzeb,2021-12-15,False
995952919,218,jonasBoss,2021-12-16,False
995968350,218,jose1711,2021-12-16,False
995971476,218,sezanzeb,2021-12-16,False
995975835,218,sezanzeb,2021-12-16,False
996019964,218,jonasBoss,2021-12-16,False
996028353,218,KristerV,2021-12-16,False
996225942,231,mattzab,2021-12-16,False
996236925,231,sezanzeb,2021-12-16,False
996290664,484,jonasBoss,2022-10-15,True
996406528,231,saikat0511,2021-12-17,False
996414803,484,jonasBoss,2022-10-16,True
996416331,484,jonasBoss,2022-10-16,True
996417269,484,jonasBoss,2022-10-16,True
996429235,484,sezanzeb,2022-10-16,True
996434926,484,sezanzeb,2022-10-16,True
996434944,484,github-actions[bot],2022-10-16,True
996435159,484,sezanzeb,2022-10-16,True
996435459,484,jonasBoss,2022-10-16,True
996435607,484,sezanzeb,2022-10-16,True
996435828,484,github-actions[bot],2022-10-16,True
996436853,484,jonasBoss,2022-10-16,True
996437552,484,sezanzeb,2022-10-16,True
996437633,484,jonasBoss,2022-10-16,True
996437952,484,sezanzeb,2022-10-16,True
996438137,484,sezanzeb,2022-10-16,True
996438566,484,jonasBoss,2022-10-16,True
996453780,231,mattzab,2021-12-17,False
996521962,231,sezanzeb,2021-12-17,False
996765780,497,github-actions[bot],2022-10-17,True
996830844,231,TheTRCG,2021-12-17,False
996859829,231,sezanzeb,2021-12-17,False
996865936,231,TheTRCG,2021-12-17,False
996912258,234,br-lemes,2021-12-17,False
996962606,497,jonasBoss,2022-10-17,True
996965359,497,jonasBoss,2022-10-17,True
997032028,231,mattzab,2021-12-17,False
997036081,218,mattzab,2021-12-17,False
997378364,231,sezanzeb,2021-12-19,False
997378736,228,sezanzeb,2021-12-19,False
997379158,99,sezanzeb,2021-12-19,False
997446771,228,jonasBoss,2021-12-19,False
997538981,497,sezanzeb,2022-10-17,True
997560333,497,jonasBoss,2022-10-17,True
997739766,228,sezanzeb,2021-12-20,False
998730398,228,jonasBoss,2021-12-21,False
998732076,228,sezanzeb,2021-12-21,False
999464446,238,sezanzeb,2021-12-22,False
999658916,238,daniel88kary,2021-12-22,False
999702773,229,sezanzeb,2021-12-22,False
999704617,229,sezanzeb,2021-12-22,False
1000494186,218,sezanzeb,2021-12-23,False
1001938478,497,github-actions[bot],2022-10-21,True
1001938511,497,github-actions[bot],2022-10-21,True
1001955692,240,sezanzeb,2021-12-28,False
1001957134,240,PixelSam123,2021-12-28,False
1001967615,240,sezanzeb,2021-12-28,False
1002301537,242,sezanzeb,2021-12-28,False
1002303140,242,sezanzeb,2021-12-28,False
1002304938,241,sezanzeb,2021-12-28,False
1002386126,242,sonwh98,2021-12-29,False
1002516892,497,github-actions[bot],2022-10-22,True
1002516894,497,github-actions[bot],2022-10-22,True
1002516895,497,github-actions[bot],2022-10-22,True
1002516896,497,github-actions[bot],2022-10-22,True
1002532146,242,sezanzeb,2021-12-29,False
1002534757,497,github-actions[bot],2022-10-22,True
1002534758,497,github-actions[bot],2022-10-22,True
1002534759,497,github-actions[bot],2022-10-22,True
1002534760,497,github-actions[bot],2022-10-22,True
1002534761,497,github-actions[bot],2022-10-22,True
1002534763,497,github-actions[bot],2022-10-22,True
1002534764,497,github-actions[bot],2022-10-22,True
1002534765,497,github-actions[bot],2022-10-22,True
1002535190,497,github-actions[bot],2022-10-22,True
1002539737,497,github-actions[bot],2022-10-22,True
1002539738,497,github-actions[bot],2022-10-22,True
1002539739,497,github-actions[bot],2022-10-22,True
1002541544,497,github-actions[bot],2022-10-22,True
1002542054,497,github-actions[bot],2022-10-22,True
1002562972,218,sezanzeb,2021-12-29,False
1002680695,497,jonasBoss,2022-10-23,True
1002684445,241,payne989,2021-12-29,False
1002698827,243,sezanzeb,2021-12-29,False
1002700002,241,sezanzeb,2021-12-29,False
1002733446,497,sezanzeb,2022-10-23,True
1002738105,497,github-actions[bot],2022-10-23,True
1002738106,497,github-actions[bot],2022-10-23,True
1002738107,497,github-actions[bot],2022-10-23,True
1002738108,497,github-actions[bot],2022-10-23,True
1003016085,243,br-lemes,2021-12-30,False
1003021858,243,sezanzeb,2021-12-30,False
1003022665,243,sezanzeb,2021-12-30,False
1003024638,243,sezanzeb,2021-12-30,False
1003204895,228,jonasBoss,2021-12-30,False
1003219149,228,sezanzeb,2021-12-31,False
1003341841,247,sezanzeb,2021-12-31,False
1003344602,247,sezanzeb,2021-12-31,False
1003565448,248,saikat0511,2022-01-01,False
1003567123,248,sezanzeb,2022-01-01,False
1003574679,248,saikat0511,2022-01-01,False
1003575732,248,sezanzeb,2022-01-01,False
1003718608,218,sezanzeb,2022-01-02,False
1003723189,218,skitt,2022-01-02,False
1003728577,109,sezanzeb,2022-01-02,False
1003778243,243,br-lemes,2022-01-02,False
1004082561,109,jonasBoss,2022-01-03,False
1004367736,109,sezanzeb,2022-01-03,False
1004414654,109,jonasBoss,2022-01-03,False
1004657050,241,payne989,2022-01-04,False
1004767262,246,jonasBoss,2022-01-04,False
1004980733,109,sezanzeb,2022-01-04,False
1005135275,241,sezanzeb,2022-01-04,False
1005212322,109,sezanzeb,2022-01-04,False
1005498240,109,sezanzeb,2022-01-05,False
1005838292,109,jonasBoss,2022-01-05,False
1005888070,109,sezanzeb,2022-01-05,False
1005890257,109,sezanzeb,2022-01-05,False
1005894424,109,sezanzeb,2022-01-05,False
1005912964,109,sezanzeb,2022-01-05,False
1005937615,109,sezanzeb,2022-01-05,False
1006017652,109,jonasBoss,2022-01-05,False
1006073040,109,sezanzeb,2022-01-05,False
1006126967,109,sezanzeb,2022-01-05,False
1006171603,497,jonasBoss,2022-10-26,True
1006175549,497,jonasBoss,2022-10-26,True
1006222251,497,sezanzeb,2022-10-26,True
1006227421,516,sezanzeb,2022-10-26,True
1006232454,516,sezanzeb,2022-10-26,True
1006233439,516,sezanzeb,2022-10-26,True
1006233839,516,sezanzeb,2022-10-26,True
1006403451,109,jonasBoss,2022-01-06,False
1006416656,109,sezanzeb,2022-01-06,False
1006523465,109,sezanzeb,2022-01-06,False
1006573504,109,jose1711,2022-01-06,False
1006590548,109,sezanzeb,2022-01-06,False
1006594633,516,jonasBoss,2022-10-27,True
1006601827,516,jonasBoss,2022-10-27,True
1006609655,516,jonasBoss,2022-10-27,True
1006616516,516,jonasBoss,2022-10-27,True
1006685999,516,sezanzeb,2022-10-27,True
1006704370,516,jonasBoss,2022-10-27,True
1006705950,109,sezanzeb,2022-01-06,False
1006727672,516,sezanzeb,2022-10-27,True
1006805259,109,sezanzeb,2022-01-06,False
1007077743,516,jonasBoss,2022-10-27,True
1007281563,516,sezanzeb,2022-10-27,True
1007342277,516,jonasBoss,2022-10-27,True
1007452167,497,github-actions[bot],2022-10-27,True
1007469547,497,github-actions[bot],2022-10-27,True
1007469552,497,github-actions[bot],2022-10-27,True
1007469553,497,github-actions[bot],2022-10-27,True
1007469554,497,github-actions[bot],2022-10-27,True
1007478653,497,github-actions[bot],2022-10-28,True
1007578919,109,sezanzeb,2022-01-07,False
1007672918,109,jonasBoss,2022-01-07,False
1007676247,109,sezanzeb,2022-01-07,False
1008244733,497,github-actions[bot],2022-10-28,True
1008251090,497,github-actions[bot],2022-10-28,True
1008268865,497,github-actions[bot],2022-10-28,True
1008268869,497,github-actions[bot],2022-10-28,True
1008268872,497,github-actions[bot],2022-10-28,True
1008271056,497,github-actions[bot],2022-10-28,True
1008271064,497,github-actions[bot],2022-10-28,True
1008284919,109,jonasBoss,2022-01-09,False
1008391933,497,github-actions[bot],2022-10-28,True
1008401631,519,github-actions[bot],2022-10-28,True
1008657898,375,sezanzeb,2022-10-29,True
1008717864,375,jonasBoss,2022-10-29,True
1009175695,109,sezanzeb,2022-01-10,False
1009403941,497,jonasBoss,2022-10-31,True
1009404840,497,jonasBoss,2022-10-31,True
1009675367,252,sezanzeb,2022-01-11,False
1009711766,228,sezanzeb,2022-01-11,False
1009781339,228,jonasBoss,2022-01-11,False
1009800971,524,jonasBoss,2022-10-31,True
1009863747,524,tsantzi,2022-10-31,True
1009971301,228,sezanzeb,2022-01-11,False
1010100493,253,jonasBoss,2022-01-11,False
1010161611,253,jonasBoss,2022-01-11,False
1010247474,252,kawazoe,2022-01-11,False
1010251498,524,jonasBoss,2022-11-01,True
1010317890,497,sezanzeb,2022-11-01,True
1010450234,253,sezanzeb,2022-01-11,False
1010951872,228,jonasBoss,2022-01-12,False
1011325007,228,sezanzeb,2022-01-12,False
1011653534,228,sezanzeb,2022-01-13,False
1012024013,228,sezanzeb,2022-01-13,False
1012037524,228,jonasBoss,2022-01-13,False
1012045245,228,sezanzeb,2022-01-13,False
1012062216,228,jonasBoss,2022-01-13,False
1012240879,228,sezanzeb,2022-01-13,False
1012242439,228,sezanzeb,2022-01-13,False
1012286102,218,sezanzeb,2022-01-13,False
1012606129,228,sezanzeb,2022-01-13,False
1012939131,256,sezanzeb,2022-01-14,False
1013200269,228,jonasBoss,2022-01-14,False
1013341397,228,sezanzeb,2022-01-14,False
1013456277,205,sezanzeb,2022-01-14,False
1013459260,221,sezanzeb,2022-01-14,False
1013461214,223,sezanzeb,2022-01-14,False
1013652637,257,sezanzeb,2022-01-15,False
1013653133,257,jonasBoss,2022-01-15,False
1013655170,257,sezanzeb,2022-01-15,False
1013656464,257,jonasBoss,2022-01-15,False
1013687974,253,sezanzeb,2022-01-15,False
1013688636,257,sezanzeb,2022-01-15,False
1013753661,258,sezanzeb,2022-01-15,False
1013759495,257,jonasBoss,2022-01-15,False
1013763457,258,jonasBoss,2022-01-15,False
1013808635,258,saikat0511,2022-01-16,False
1013844218,258,sezanzeb,2022-01-16,False
1013845394,257,sezanzeb,2022-01-16,False
1013846240,228,sezanzeb,2022-01-16,False
1013851837,258,saikat0511,2022-01-16,False
1013852068,258,sezanzeb,2022-01-16,False
1013853086,258,saikat0511,2022-01-16,False
1013853422,258,sezanzeb,2022-01-16,False
1013853661,258,sezanzeb,2022-01-16,False
1013854967,258,saikat0511,2022-01-16,False
1013856267,258,sezanzeb,2022-01-16,False
1013856928,261,sezanzeb,2022-01-16,False
1013857736,261,sezanzeb,2022-01-16,False
1013859056,258,sezanzeb,2022-01-16,False
1013862179,258,saikat0511,2022-01-16,False
1013866148,258,sezanzeb,2022-01-16,False
1013867391,258,saikat0511,2022-01-16,False
1013875451,228,jonasBoss,2022-01-16,False
1013921183,140,LunNova,2022-01-16,False
1013928916,140,LunNova,2022-01-16,False
1013930344,114,LunNova,2022-01-16,False
1013931265,140,spi43984,2022-01-16,False
1013932580,185,pourmand1376,2022-01-16,False
1013938826,114,sezanzeb,2022-01-16,False
1013981811,185,whot,2022-01-16,False
1014093418,246,LunNova,2022-01-17,False
1014113495,234,iacchus,2022-01-17,False
1014259877,185,sezanzeb,2022-01-17,False
1014262721,246,sezanzeb,2022-01-17,False
1014269613,234,sezanzeb,2022-01-17,False
1014312660,185,sezanzeb,2022-01-17,False
1014470606,234,br-lemes,2022-01-17,False
1014738567,264,LunNova,2022-01-17,False
1014772011,264,jonasBoss,2022-01-17,False
1014773048,140,LunNova,2022-01-17,False
1014774810,264,LunNova,2022-01-17,False
1014775841,264,jonasBoss,2022-01-17,False
1014805215,264,sezanzeb,2022-01-17,False
1014813460,266,LunNova,2022-01-17,False
1014951170,140,sezanzeb,2022-01-17,False
1014954564,264,sezanzeb,2022-01-17,False
1014960665,266,sezanzeb,2022-01-17,False
1014967179,265,sezanzeb,2022-01-18,False
1015177544,267,sezanzeb,2022-01-18,False
1015184427,267,sezanzeb,2022-01-18,False
1015934214,268,jonasBoss,2022-01-18,False
1018046411,268,DarkMustang,2022-01-21,False
1018297444,519,github-actions[bot],2022-11-09,True
1018297448,519,github-actions[bot],2022-11-09,True
1018297451,519,github-actions[bot],2022-11-09,True
1019314416,269,sezanzeb,2022-01-22,False
1019463937,263,sezanzeb,2022-01-23,False
1019508717,270,jonasBoss,2022-01-23,False
1019513084,270,Munzu,2022-01-23,False
1019528160,263,jonasBoss,2022-01-23,False
1019574675,263,sezanzeb,2022-01-23,False
1020730367,536,github-actions[bot],2022-11-12,True
1020730370,536,github-actions[bot],2022-11-12,True
1020740403,536,jonasBoss,2022-11-12,True
1020773339,536,github-actions[bot],2022-11-12,True
1020778555,536,github-actions[bot],2022-11-12,True
1020778556,536,github-actions[bot],2022-11-12,True
1020778557,536,github-actions[bot],2022-11-12,True
1020778558,536,github-actions[bot],2022-11-12,True
1020779506,536,sezanzeb,2022-11-12,True
1022479248,246,sezanzeb,2022-01-26,False
1022486186,246,sezanzeb,2022-01-26,False
1022498084,246,jonasBoss,2022-01-26,False
1022531760,246,sezanzeb,2022-01-26,False
1022571810,185,sezanzeb,2022-01-26,False
1022726414,220,Techwolf,2022-01-27,False
1022876143,220,FrauH0lle,2022-01-27,False
1023339946,274,sezanzeb,2022-01-27,False
1023418707,263,sezanzeb,2022-01-27,False
1023477653,274,mohapatra-sambit,2022-01-27,False
1023559623,274,sezanzeb,2022-01-27,False
1023927281,274,mohapatra-sambit,2022-01-28,False
1024008066,274,sezanzeb,2022-01-28,False
1024334578,274,mohapatra-sambit,2022-01-28,False
1024335121,263,jonasBoss,2022-01-28,False
1024868600,274,sezanzeb,2022-01-29,False
1024886656,274,mohapatra-sambit,2022-01-29,False
1024888545,274,sezanzeb,2022-01-29,False
1024892591,274,mohapatra-sambit,2022-01-29,False
1024893879,274,sezanzeb,2022-01-29,False
1024962547,274,mohapatra-sambit,2022-01-29,False
1025012224,276,Doxmiatoo,2022-01-30,False
1025015107,267,LunNova,2022-01-30,False
1025076890,276,Doxmiatoo,2022-01-30,False
1025107182,276,jonasBoss,2022-01-30,False
1025182746,276,Doxmiatoo,2022-01-30,False
1025190905,276,jonasBoss,2022-01-30,False
1025194476,276,Doxmiatoo,2022-01-30,False
1025701981,275,sezanzeb,2022-01-31,False
1025715611,267,sezanzeb,2022-01-31,False
1025722742,274,sezanzeb,2022-01-31,False
1025732958,274,sezanzeb,2022-01-31,False
1026087157,275,jonasBoss,2022-01-31,False
1026154233,275,sezanzeb,2022-01-31,False
1026246973,263,sezanzeb,2022-01-31,False
1026842526,274,JackDeSomeTrades,2022-02-01,False
1026854560,274,sezanzeb,2022-02-01,False
1026886037,274,JackDeSomeTrades,2022-02-01,False
1026901224,274,sezanzeb,2022-02-01,False
1027014649,274,JackDeSomeTrades,2022-02-01,False
1027019883,274,sezanzeb,2022-02-01,False
1027024587,274,JackDeSomeTrades,2022-02-01,False
1027028864,274,sezanzeb,2022-02-01,False
1027033757,274,JackDeSomeTrades,2022-02-01,False
1027043295,274,sezanzeb,2022-02-01,False
1027052589,274,JackDeSomeTrades,2022-02-01,False
1027064147,274,sezanzeb,2022-02-01,False
1027064960,274,sezanzeb,2022-02-01,False
1027069912,274,sezanzeb,2022-02-01,False
1027093971,549,github-actions[bot],2022-11-19,True
1027315897,549,jonasBoss,2022-11-20,True
1027322894,549,jonasBoss,2022-11-20,True
1027329289,549,sezanzeb,2022-11-20,True
1027331830,549,jonasBoss,2022-11-20,True
1027336726,549,sezanzeb,2022-11-20,True
1027336739,549,github-actions[bot],2022-11-20,True
1027336741,549,github-actions[bot],2022-11-20,True
1027336743,549,github-actions[bot],2022-11-20,True
1027336744,549,github-actions[bot],2022-11-20,True
1027336745,549,github-actions[bot],2022-11-20,True
1027336746,549,github-actions[bot],2022-11-20,True
1027336958,549,github-actions[bot],2022-11-20,True
1027336959,549,github-actions[bot],2022-11-20,True
1027336960,549,github-actions[bot],2022-11-20,True
1027340585,549,sezanzeb,2022-11-20,True
1027579490,278,MostHated,2022-02-02,False
1027624932,278,sezanzeb,2022-02-02,False
1027625823,278,sezanzeb,2022-02-02,False
1027749374,278,jonasBoss,2022-02-02,False
1027811978,279,jonasBoss,2022-02-02,False
1027813962,279,sezanzeb,2022-02-02,False
1027814461,279,jonasBoss,2022-02-02,False
1027815619,279,sezanzeb,2022-02-02,False
1027823886,279,jonasBoss,2022-02-02,False
1027848388,278,sezanzeb,2022-02-02,False
1027849246,276,sezanzeb,2022-02-02,False
1027946613,276,bitpixl,2022-02-02,False
1027948365,276,sezanzeb,2022-02-02,False
1028028156,173,W-L,2022-02-02,False
1028104658,278,LunNova,2022-02-02,False
1028124505,267,LunNova,2022-02-02,False
1028127304,267,LunNova,2022-02-02,False
1028158096,281,sezanzeb,2022-02-02,False
1028202079,281,MostHated,2022-02-02,False
1028208062,281,sezanzeb,2022-02-02,False
1028208978,281,MostHated,2022-02-02,False
1028216935,281,sezanzeb,2022-02-02,False
1028266723,281,MostHated,2022-02-02,False
1028269373,281,sezanzeb,2022-02-02,False
1028291154,281,MostHated,2022-02-02,False
1028302463,281,sezanzeb,2022-02-02,False
1028485309,263,jonasBoss,2022-02-03,False
1028982630,263,sezanzeb,2022-02-03,False
1029005848,263,jonasBoss,2022-02-03,False
1029029348,282,sezanzeb,2022-02-03,False
1029034877,282,sezanzeb,2022-02-03,False
1029050366,282,zareami10,2022-02-03,False
1029053356,282,sezanzeb,2022-02-03,False
1029055618,282,sezanzeb,2022-02-03,False
1029060465,282,zareami10,2022-02-03,False
1029084054,256,sezanzeb,2022-02-03,False
1029108342,282,sezanzeb,2022-02-03,False
1029177565,263,sezanzeb,2022-02-03,False
1029450286,263,jonasBoss,2022-02-03,False
1030662090,285,sezanzeb,2022-02-05,False
1030859666,83,andrewaylett,2022-02-06,False
1030860394,557,github-actions[bot],2022-11-23,True
1030880457,287,jonasBoss,2022-02-06,False
1030891220,557,sezanzeb,2022-11-23,True
1030891423,557,github-actions[bot],2022-11-23,True
1030907251,287,jose1711,2022-02-06,False
1030907756,267,LunNova,2022-02-06,False
1030918437,287,sezanzeb,2022-02-06,False
1030923647,287,jose1711,2022-02-06,False
1030933353,267,sezanzeb,2022-02-06,False
1030934484,287,sezanzeb,2022-02-06,False
1030990549,267,LunNova,2022-02-07,False
1031210204,267,sezanzeb,2022-02-07,False
1031435595,288,sezanzeb,2022-02-07,False
1031444039,288,jose1711,2022-02-07,False
1031466172,288,sezanzeb,2022-02-07,False
1031620883,267,LunNova,2022-02-07,False
1031666619,267,sezanzeb,2022-02-07,False
1031678785,267,LunNova,2022-02-07,False
1031683501,267,sezanzeb,2022-02-07,False
1031687059,83,sunwire,2022-02-07,False
1031687387,267,LunNova,2022-02-07,False
1031688959,267,sezanzeb,2022-02-07,False
1031695148,288,jose1711,2022-02-07,False
1031711529,83,sezanzeb,2022-02-07,False
1031739668,83,sunwire,2022-02-07,False
1031749476,83,sezanzeb,2022-02-07,False
1031800258,83,sunwire,2022-02-07,False
1031923474,83,andrewaylett,2022-02-07,False
1032057299,263,jonasBoss,2022-02-07,False
1032371912,185,pourmand1376,2022-02-08,False
1032376875,263,sezanzeb,2022-02-08,False
1032377655,288,sezanzeb,2022-02-08,False
1032390051,288,jose1711,2022-02-08,False
1032402155,185,sezanzeb,2022-02-08,False
1032408240,185,sezanzeb,2022-02-08,False
1032410289,185,sezanzeb,2022-02-08,False
1032411543,290,sezanzeb,2022-02-08,False
1032412541,288,sezanzeb,2022-02-08,False
1032417579,288,jose1711,2022-02-08,False
1032424612,289,sezanzeb,2022-02-08,False
1032424801,288,sezanzeb,2022-02-08,False
1032434262,290,jose1711,2022-02-08,False
1032442589,290,sezanzeb,2022-02-08,False
1032448574,241,sezanzeb,2022-02-08,False
1032489437,287,jose1711,2022-02-08,False
1032707490,263,sezanzeb,2022-02-08,False
1032728580,263,sezanzeb,2022-02-08,False
1032760196,83,sunwire,2022-02-08,False
1032869970,292,sezanzeb,2022-02-08,False
1032954401,263,jonasBoss,2022-02-08,False
1032990199,263,jonasBoss,2022-02-08,False
1033122847,263,sezanzeb,2022-02-08,False
1033130834,292,jose1711,2022-02-08,False
1033136065,292,sezanzeb,2022-02-08,False
1033168144,292,jose1711,2022-02-08,False
1033182502,292,sezanzeb,2022-02-09,False
1033183885,292,sezanzeb,2022-02-09,False
1037105441,295,sezanzeb,2022-02-12,False
1037105873,296,sezanzeb,2022-02-12,False
1037107253,296,jonasBoss,2022-02-12,False
1037132434,297,sezanzeb,2022-02-12,False
1037133394,296,sezanzeb,2022-02-12,False
1037390664,299,jonasBoss,2022-02-12,False
1037396647,299,im-AMS,2022-02-12,False
1037520970,3,rayman3003,2022-02-12,False
1037955175,3,sezanzeb,2022-02-13,False
1038166684,3,rayman3003,2022-02-13,False
1038419847,299,sezanzeb,2022-02-13,False
1039272143,299,sezanzeb,2022-02-14,False
1040071967,299,sezanzeb,2022-02-15,False
1042587244,301,vishalgautama,2022-02-17,False
1044149221,303,sezanzeb,2022-02-18,False
1044217180,303,sasaandonov,2022-02-18,False
1044546006,299,im-AMS,2022-02-18,False
1044773976,30,im-AMS,2022-02-18,False
1045072180,550,sezanzeb,2022-12-10,True
1045072861,550,sezanzeb,2022-12-10,True
1045073070,550,sezanzeb,2022-12-10,True
1045073676,550,sezanzeb,2022-12-10,True
1045073991,550,sezanzeb,2022-12-10,True
1045074800,550,sezanzeb,2022-12-10,True
1045075397,550,sezanzeb,2022-12-10,True
1045075467,550,sezanzeb,2022-12-10,True
1045075966,550,sezanzeb,2022-12-10,True
1045077543,550,jonasBoss,2022-12-10,True
1045078274,550,jonasBoss,2022-12-10,True
1045083626,550,sezanzeb,2022-12-10,True
1045083680,550,jonasBoss,2022-12-10,True
1045089901,550,sezanzeb,2022-12-10,True
1045090124,550,sezanzeb,2022-12-10,True
1045102709,550,jonasBoss,2022-12-10,True
1045108354,550,sezanzeb,2022-12-10,True
1045241412,550,jonasBoss,2022-12-11,True
1045564163,550,sezanzeb,2022-12-12,True
1045994132,30,sezanzeb,2022-02-19,False
1046075523,307,jonasBoss,2022-02-19,False
1046128829,306,sezanzeb,2022-02-20,False
1046130000,307,sezanzeb,2022-02-20,False
1046130350,302,sezanzeb,2022-02-20,False
1046131311,300,sezanzeb,2022-02-20,False
1046134403,300,sezanzeb,2022-02-20,False
1046136586,300,sezanzeb,2022-02-20,False
1046138241,300,sezanzeb,2022-02-20,False
1046139494,300,sezanzeb,2022-02-20,False
1046207457,302,martinside,2022-02-20,False
1046232009,308,jonasBoss,2022-02-20,False
1046264954,308,MatheusFerreiraL,2022-02-20,False
1046268267,308,jonasBoss,2022-02-20,False
1046269186,310,ghost,2022-02-20,False
1046272925,308,MatheusFerreiraL,2022-02-20,False
1047289846,300,jonasfrey,2022-02-21,False
1047329613,300,sezanzeb,2022-02-22,False
1047617232,310,sezanzeb,2022-02-22,False
1047618322,300,jonasfrey,2022-02-22,False
1047619491,300,sezanzeb,2022-02-22,False
1047623829,309,sezanzeb,2022-02-22,False
1047675621,300,jonasfrey,2022-02-22,False
1047679869,300,sezanzeb,2022-02-22,False
1047729899,300,jonasfrey,2022-02-22,False
1048135481,310,jonasBoss,2022-02-22,False
1048155605,311,jonasBoss,2022-02-22,False
1048164581,311,jlnxr,2022-02-22,False
1048214897,311,jlnxr,2022-02-22,False
1048245754,310,sezanzeb,2022-02-22,False
1048663055,310,sezanzeb,2022-02-23,False
1048664041,310,sezanzeb,2022-02-23,False
1048947510,310,jonasBoss,2022-02-23,False
1049020122,310,sezanzeb,2022-02-23,False
1049790668,578,github-actions[bot],2022-12-15,True
1049790674,578,github-actions[bot],2022-12-15,True
1049790680,578,github-actions[bot],2022-12-15,True
1049790684,578,github-actions[bot],2022-12-15,True
1049790691,578,github-actions[bot],2022-12-15,True
1049790696,578,github-actions[bot],2022-12-15,True
1049794961,578,github-actions[bot],2022-12-15,True
1049796803,578,github-actions[bot],2022-12-15,True
1050072460,309,AMS-2000,2022-02-24,False
1050074027,309,sezanzeb,2022-02-24,False
1050113860,302,sebstrand,2022-02-24,False
1050137616,302,sezanzeb,2022-02-24,False
1050576991,578,jonasBoss,2022-12-16,True
1050577807,578,jonasBoss,2022-12-16,True
1050585384,578,jonasBoss,2022-12-16,True
1050740573,312,sezanzeb,2022-02-25,False
1051623369,309,AMS-2000,2022-02-26,False
1052117043,309,sezanzeb,2022-02-26,False
1052120480,309,sezanzeb,2022-02-26,False
1052121605,309,sezanzeb,2022-02-26,False
1053572188,317,sezanzeb,2022-02-27,False
1053576506,223,sezanzeb,2022-02-27,False
1053584918,185,sezanzeb,2022-02-27,False
1053618523,290,kearkyle,2022-02-27,False
1053632511,290,sezanzeb,2022-02-27,False
1053639985,306,LunNova,2022-02-27,False
1053640226,306,sezanzeb,2022-02-27,False
1054282662,321,jonasBoss,2022-02-28,False
1054294434,321,Yueh72,2022-02-28,False
1054369699,321,jonasBoss,2022-02-28,False
1054386495,321,Yueh72,2022-02-28,False
1054415915,290,kearkyle,2022-02-28,False
1054439061,290,sezanzeb,2022-02-28,False
1054441149,290,sezanzeb,2022-02-28,False
1054476866,310,ghost,2022-02-28,False
1054485346,310,jonasBoss,2022-02-28,False
1055172363,185,pourmand1376,2022-03-01,False
1055786071,324,jonasBoss,2022-03-01,False
1055808907,324,Shakkaw,2022-03-01,False
1055888170,324,sezanzeb,2022-03-01,False
1055934475,321,vadim212112,2022-03-01,False
1056745300,324,Shakkaw,2022-03-02,False
1056757056,324,Shakkaw,2022-03-02,False
1056759638,324,Shakkaw,2022-03-02,False
1056871390,324,sezanzeb,2022-03-02,False
1056873857,324,sezanzeb,2022-03-02,False
1056880298,325,sezanzeb,2022-03-02,False
1056881291,323,sezanzeb,2022-03-02,False
1056882626,326,sezanzeb,2022-03-02,False
1056883608,322,sezanzeb,2022-03-02,False
1056886202,321,sezanzeb,2022-03-02,False
1056902944,322,Zorrototo,2022-03-02,False
1057126486,323,ghost,2022-03-02,False
1057180058,324,Shakkaw,2022-03-02,False
1057202692,325,pauromateusu,2022-03-02,False
1057214086,578,github-actions[bot],2022-12-26,True
1057215990,578,sezanzeb,2022-12-26,True
1057234861,578,github-actions[bot],2022-12-26,True
1057234863,578,github-actions[bot],2022-12-26,True
1057234864,578,github-actions[bot],2022-12-26,True
1057234866,578,github-actions[bot],2022-12-26,True
1057238847,578,github-actions[bot],2022-12-26,True
1057253278,578,github-actions[bot],2022-12-26,True
1057265188,578,jonasBoss,2022-12-26,True
1057325570,578,github-actions[bot],2022-12-26,True
1057325777,578,sezanzeb,2022-12-26,True
1057331889,578,jonasBoss,2022-12-26,True
1057531845,325,sezanzeb,2022-03-03,False
1057533398,323,sezanzeb,2022-03-03,False
1057535264,322,sezanzeb,2022-03-03,False
1057543426,323,ghost,2022-03-03,False
1057782358,323,sezanzeb,2022-03-03,False
1057807398,324,sezanzeb,2022-03-03,False
1057822790,324,Shakkaw,2022-03-03,False
1058050385,325,pauromateusu,2022-03-03,False
1058070309,322,Zorrototo,2022-03-03,False
1058420652,323,ghost,2022-03-03,False
1058561561,325,sezanzeb,2022-03-03,False
1058579972,185,sezanzeb,2022-03-03,False
1058581604,322,sezanzeb,2022-03-03,False
1058585292,309,sezanzeb,2022-03-03,False
1058587311,322,Zorrototo,2022-03-03,False
1058591935,328,sezanzeb,2022-03-03,False
1058608587,323,sezanzeb,2022-03-03,False
1058611143,326,sezanzeb,2022-03-03,False
1058612429,317,sezanzeb,2022-03-03,False
1058623052,325,sezanzeb,2022-03-03,False
1058629656,300,sezanzeb,2022-03-03,False
1058649611,290,kearkyle,2022-03-03,False
1058736153,323,ghost,2022-03-04,False
1058887500,326,wkoszycki,2022-03-04,False
1059114155,325,pauromateusu,2022-03-04,False
1059233030,325,sezanzeb,2022-03-04,False
1059235647,330,sezanzeb,2022-03-04,False
1059300645,325,pauromateusu,2022-03-04,False
1059303216,325,pauromateusu,2022-03-04,False
1059337627,325,sezanzeb,2022-03-04,False
1059343129,80,sezanzeb,2022-03-04,False
1059369260,325,pauromateusu,2022-03-04,False
1059372664,325,sezanzeb,2022-03-04,False
1059390180,325,pauromateusu,2022-03-04,False
1059396196,325,sezanzeb,2022-03-04,False
1059423299,325,pauromateusu,2022-03-04,False
1059432283,325,pauromateusu,2022-03-04,False
1059614657,578,github-actions[bot],2022-12-31,True
1059616082,578,sezanzeb,2022-12-31,True
1059727705,325,sezanzeb,2022-03-05,False
1059752141,325,pauromateusu,2022-03-05,False
1059761146,325,pauromateusu,2022-03-05,False
1059945239,578,jonasBoss,2023-01-02,True
1059959296,290,sezanzeb,2022-03-06,False
1060041472,290,kearkyle,2022-03-06,False
1061072229,290,sezanzeb,2022-03-07,False
1061130341,290,kearkyle,2022-03-07,False
1061798650,332,ddziech,2022-03-08,False
1062396506,331,sezanzeb,2022-03-08,False
1063092133,331,kearkyle,2022-03-09,False
1063358193,331,sezanzeb,2022-03-09,False
1064059237,578,jonasBoss,2023-01-07,True
1064325313,331,kearkyle,2022-03-10,False
1064561847,331,sezanzeb,2022-03-10,False
1065817149,321,delcake,2022-03-12,False
1065887316,321,Merrit,2022-03-12,False
1065910546,336,basta,2022-03-12,False
1066016373,331,kearkyle,2022-03-13,False
1066062339,331,sezanzeb,2022-03-13,False
1066763934,321,Zorrototo,2022-03-14,False
1067426201,321,sezanzeb,2022-03-15,False
1067452966,321,Zorrototo,2022-03-15,False
1067484413,335,Doxmiatoo,2022-03-15,False
1067994489,321,Merrit,2022-03-15,False
1068488581,335,Doxmiatoo,2022-03-15,False
1069099611,340,sezanzeb,2022-03-16,False
1069548664,338,sezanzeb,2022-03-16,False
1069572463,338,prismatic-koi,2022-03-16,False
1069581765,338,sezanzeb,2022-03-16,False
1069587749,338,prismatic-koi,2022-03-16,False
1069703641,338,prismatic-koi,2022-03-16,False
1069768607,340,tunerooster,2022-03-17,False
1070305927,340,tunerooster,2022-03-17,False
1070556156,340,sezanzeb,2022-03-17,False
1070561514,340,sezanzeb,2022-03-17,False
1070564462,338,sezanzeb,2022-03-17,False
1070566436,336,sezanzeb,2022-03-17,False
1070631101,321,sezanzeb,2022-03-17,False
1070695598,335,sezanzeb,2022-03-17,False
1070805803,335,sezanzeb,2022-03-17,False
1071979073,340,tunerooster,2022-03-18,False
1072104225,340,sezanzeb,2022-03-18,False
1072295836,343,sezanzeb,2022-03-18,False
1072313194,336,sezanzeb,2022-03-18,False
1072348854,345,sezanzeb,2022-03-18,False
1072350305,336,sezanzeb,2022-03-18,False
1072361864,345,moebek,2022-03-18,False
1072363071,345,sezanzeb,2022-03-18,False
1072377532,336,basta,2022-03-18,False
1072378536,336,sezanzeb,2022-03-18,False
1072379989,336,basta,2022-03-18,False
1072382379,336,sezanzeb,2022-03-18,False
1072382448,336,sezanzeb,2022-03-18,False
1072382534,345,sezanzeb,2022-03-18,False
1072386296,336,basta,2022-03-18,False
1072388820,336,basta,2022-03-18,False
1072736372,344,sezanzeb,2022-03-18,False
1072736459,341,sezanzeb,2022-03-18,False
1073193724,348,sezanzeb,2022-03-20,False
1073397879,348,JeffersonTeixeira,2022-03-21,False
1073720015,348,sezanzeb,2022-03-21,False
1073731860,350,sezanzeb,2022-03-21,False
1073733977,349,sezanzeb,2022-03-21,False
1073801476,349,zomen2,2022-03-21,False
1073861407,349,sezanzeb,2022-03-21,False
1073870273,349,sezanzeb,2022-03-21,False
1073874694,327,sezanzeb,2022-03-21,False
1073898167,349,zomen2,2022-03-21,False
1073903125,349,sezanzeb,2022-03-21,False
1073915865,349,zomen2,2022-03-21,False
1073931224,349,sezanzeb,2022-03-21,False
1073938409,349,zomen2,2022-03-21,False
1073944313,349,sezanzeb,2022-03-21,False
1073991660,349,zomen2,2022-03-21,False
1074624403,350,LCARngr,2022-03-22,False
1075360655,185,pourmand1376,2022-03-22,False
1075553449,351,sezanzeb,2022-03-22,False
1075557308,83,sezanzeb,2022-03-22,False
1075597459,83,sunwire,2022-03-22,False
1075598916,83,sezanzeb,2022-03-22,False
1075602119,83,sezanzeb,2022-03-22,False
1075623882,83,sunwire,2022-03-22,False
1076149254,340,sezanzeb,2022-03-23,False
1076530988,83,sunwire,2022-03-23,False
1076666127,83,sezanzeb,2022-03-23,False
1077346830,83,sezanzeb,2022-03-24,False
1077482765,324,Shakkaw,2022-03-24,False
1077562263,324,sezanzeb,2022-03-24,False
1077563426,324,sezanzeb,2022-03-24,False
1077570006,324,Shakkaw,2022-03-24,False
1077629426,83,sunwire,2022-03-24,False
1078849180,353,jonasBoss,2022-03-25,False
1078889014,353,sezanzeb,2022-03-25,False
1078891899,354,sezanzeb,2022-03-25,False
1078892375,340,sezanzeb,2022-03-25,False
1078893192,225,sezanzeb,2022-03-25,False
1078920124,353,KoljaL,2022-03-25,False
1078979395,354,jonasBoss,2022-03-25,False
1078980358,354,marcsabat,2022-03-25,False
1079148831,354,sezanzeb,2022-03-25,False
1079197632,354,marcsabat,2022-03-25,False
1079270675,354,sezanzeb,2022-03-25,False
1079281894,354,marcsabat,2022-03-25,False
1079358013,354,sezanzeb,2022-03-25,False
1079401929,352,DreadPirateLynx,2022-03-25,False
1079406278,340,tunerooster,2022-03-25,False
1079419744,354,marcsabat,2022-03-25,False
1079421343,354,sezanzeb,2022-03-25,False
1079423682,354,marcsabat,2022-03-25,False
1079424292,354,sezanzeb,2022-03-25,False
1079426218,354,marcsabat,2022-03-25,False
1079427236,354,sezanzeb,2022-03-25,False
1079434317,354,marcsabat,2022-03-25,False
1079530956,354,sezanzeb,2022-03-26,False
1079531304,354,sezanzeb,2022-03-26,False
1079633407,354,marcsabat,2022-03-26,False
1079641243,354,sezanzeb,2022-03-26,False
1079684794,354,marcsabat,2022-03-26,False
1079687560,354,sezanzeb,2022-03-26,False
1079699359,355,sezanzeb,2022-03-26,False
1079716295,354,jonasBoss,2022-03-26,False
1079717240,354,jonasBoss,2022-03-26,False
1079723440,263,jonasBoss,2022-03-26,False
1079728380,354,marcsabat,2022-03-26,False
1079737578,354,jonasBoss,2022-03-26,False
1079739887,354,jonasBoss,2022-03-26,False
1079744235,354,marcsabat,2022-03-26,False
1079746960,263,sezanzeb,2022-03-26,False
1079757767,354,jonasBoss,2022-03-26,False
1079759457,354,jonasBoss,2022-03-26,False
1079777748,223,jose1711,2022-03-26,False
1079794811,223,sezanzeb,2022-03-26,False
1079966166,354,marcsabat,2022-03-27,False
1080002868,357,sezanzeb,2022-03-27,False
1080003134,357,sezanzeb,2022-03-27,False
1080020838,357,jonasBoss,2022-03-27,False
1080044439,357,git-iso,2022-03-27,False
1080971393,359,sezanzeb,2022-03-28,False
1081005882,359,drhayes,2022-03-28,False
1081014846,359,sezanzeb,2022-03-28,False
1081019145,358,sezanzeb,2022-03-28,False
1081019485,359,drhayes,2022-03-28,False
1081020317,359,sezanzeb,2022-03-28,False
1081021135,359,sezanzeb,2022-03-28,False
1081024029,359,drhayes,2022-03-28,False
1081024279,359,drhayes,2022-03-28,False
1081027391,358,zerowhybr,2022-03-28,False
1081028937,359,sezanzeb,2022-03-28,False
1081363881,331,kearkyle,2022-03-29,False
1081547855,331,sezanzeb,2022-03-29,False
1082774362,176,sezanzeb,2022-03-30,False
1082775018,360,sezanzeb,2022-03-30,False
1082778742,359,sezanzeb,2022-03-30,False
1083267241,359,drhayes,2022-03-30,False
1083384375,359,sezanzeb,2022-03-30,False
1083400661,359,drhayes,2022-03-30,False
1083542643,359,sezanzeb,2022-03-30,False
1084200030,331,kearkyle,2022-03-31,False
1084254781,331,sezanzeb,2022-03-31,False
1084304268,331,sezanzeb,2022-03-31,False
1084506799,331,kearkyle,2022-03-31,False
1084518099,331,sezanzeb,2022-03-31,False
1084685938,359,drhayes,2022-03-31,False
1084947544,331,kearkyle,2022-03-31,False
1085501804,331,sezanzeb,2022-04-01,False
1085503076,359,sezanzeb,2022-04-01,False
1086108275,358,frederikpetersen,2022-04-01,False
1086432155,331,kearkyle,2022-04-02,False
1086601330,358,sezanzeb,2022-04-02,False
1086602090,361,sezanzeb,2022-04-02,False
1086603810,331,sezanzeb,2022-04-02,False
1086715505,351,gvalkov,2022-04-02,False
1086905824,331,kearkyle,2022-04-03,False
1087182764,331,sezanzeb,2022-04-04,False
1087186430,331,sezanzeb,2022-04-04,False
1087193107,323,sezanzeb,2022-04-04,False
1087333534,331,kearkyle,2022-04-04,False
1087336767,331,sezanzeb,2022-04-04,False
1087341176,331,sezanzeb,2022-04-04,False
1087343342,331,sezanzeb,2022-04-04,False
1088240450,331,kearkyle,2022-04-05,False
1092724983,362,sezanzeb,2022-04-08,False
1093958946,363,sezanzeb,2022-04-09,False
1094721338,364,sezanzeb,2022-04-11,False
1096672075,365,sezanzeb,2022-04-12,False
1097354160,365,JD-Howard,2022-04-12,False
1097643670,365,sezanzeb,2022-04-13,False
1097645709,365,sezanzeb,2022-04-13,False
1097657632,246,sezanzeb,2022-04-13,False
1098579057,365,JD-Howard,2022-04-13,False
1098832029,365,sezanzeb,2022-04-14,False
1099163462,246,jonasBoss,2022-04-14,False
1099195001,368,lodexx0,2022-04-14,False
1099201163,368,jonasBoss,2022-04-14,False
1099555358,364,johntria,2022-04-14,False
1099722413,365,JD-Howard,2022-04-14,False
1099872067,115,wenliang,2022-04-15,False
1100053124,369,sezanzeb,2022-04-15,False
1100054755,364,sezanzeb,2022-04-15,False
1100398740,263,sezanzeb,2022-04-15,False
1100416788,263,sezanzeb,2022-04-15,False
1100598294,364,ekansh-agastya,2022-04-16,False
1100608923,364,sezanzeb,2022-04-16,False
1100836684,263,jonasBoss,2022-04-17,False
1100853723,371,sezanzeb,2022-04-17,False
1100856814,371,jonasBoss,2022-04-17,False
1100870414,364,johntria,2022-04-17,False
1103026043,362,mjg,2022-04-19,False
1103485644,362,TSonono,2022-04-20,False
1103866269,618,sezanzeb,2023-02-12,True
1103883951,618,ubunatic,2023-02-12,True
1104107902,618,sezanzeb,2023-02-13,True
1105035764,372,sezanzeb,2022-04-21,False
1105039728,374,sezanzeb,2022-04-21,False
1105040533,364,sezanzeb,2022-04-21,False
1105046538,335,sezanzeb,2022-04-21,False
1105049397,221,sezanzeb,2022-04-21,False
1105051698,49,sezanzeb,2022-04-21,False
1105067937,379,sezanzeb,2022-04-21,False
1105156174,378,jonasBoss,2022-04-21,False
1106024032,378,muikku,2022-04-22,False
1107339542,300,TDiblik,2022-04-23,False
1107477935,374,whudson,2022-04-23,False
1107512689,374,whudson,2022-04-23,False
1107517949,374,whudson,2022-04-23,False
1107711150,369,rocketraman,2022-04-24,False
1107713475,369,rocketraman,2022-04-24,False
1107799124,369,sezanzeb,2022-04-24,False
1107800468,369,sezanzeb,2022-04-24,False
1107801003,369,sezanzeb,2022-04-24,False
1107917442,378,Plyply99,2022-04-24,False
1108044749,369,rocketraman,2022-04-25,False
1108312618,369,sezanzeb,2022-04-25,False
1108604977,369,rocketraman,2022-04-25,False
1109075553,380,sezanzeb,2022-04-25,False
1109077213,381,sezanzeb,2022-04-25,False
1109077630,369,sezanzeb,2022-04-25,False
1109090139,381,Zorrototo,2022-04-25,False
1109595993,618,ubunatic,2023-02-17,True
1109675195,381,sezanzeb,2022-04-26,False
1109676847,381,sezanzeb,2022-04-26,False
1109685714,381,Zorrototo,2022-04-26,False
1111199084,621,sezanzeb,2023-02-19,True
1111199324,621,sezanzeb,2023-02-19,True
1111200406,621,sezanzeb,2023-02-19,True
1111213878,621,ubunatic,2023-02-19,True
1111217228,621,ubunatic,2023-02-19,True
1111225781,578,github-actions[bot],2023-02-19,True
1111240902,578,sezanzeb,2023-02-19,True
1111246567,621,sezanzeb,2023-02-19,True
1111277219,578,jonasBoss,2023-02-19,True
1111279297,578,jonasBoss,2023-02-19,True
1111285645,578,jonasBoss,2023-02-19,True
1111296613,578,jonasBoss,2023-02-19,True
1111315216,578,sezanzeb,2023-02-19,True
1111315653,621,sezanzeb,2023-02-19,True
1111351919,621,ubunatic,2023-02-20,True
1112350290,627,github-actions[bot],2023-02-20,True
1112350294,627,github-actions[bot],2023-02-20,True
1112350295,627,github-actions[bot],2023-02-20,True
1113016922,380,akerge,2022-04-29,False
1113239777,382,jonasBoss,2022-04-29,False
1113250012,383,jonasBoss,2022-04-29,False
1113513792,628,sezanzeb,2023-02-21,True
1113516064,628,sezanzeb,2023-02-21,True
1113959285,380,sezanzeb,2022-04-30,False
1113960015,383,sezanzeb,2022-04-30,False
1113960159,382,sezanzeb,2022-04-30,False
1113970568,382,jonasBoss,2022-04-30,False
1113984993,382,sezanzeb,2022-04-30,False
1114067401,383,thiagoa,2022-04-30,False
1114949908,628,sezanzeb,2023-02-22,True
1115097965,382,supertriodo,2022-05-02,False
1115141551,382,sezanzeb,2022-05-02,False
1115146959,382,supertriodo,2022-05-02,False
1115300646,628,sezanzeb,2023-02-23,True
1115910166,382,sezanzeb,2022-05-03,False
1116122340,381,Zorrototo,2022-05-03,False
1116171393,359,drhayes,2022-05-03,False
1116302812,382,sezanzeb,2022-05-03,False
1116319803,382,sezanzeb,2022-05-03,False
1116335374,628,ubunatic,2023-02-23,True
1116577591,628,sezanzeb,2023-02-24,True
1116737454,628,ubunatic,2023-02-24,True
1117176661,335,sezanzeb,2022-05-04,False
1117180300,198,sezanzeb,2022-05-04,False
1117231919,627,jonasBoss,2023-02-24,True
1117256598,627,jonasBoss,2023-02-24,True
1117366915,627,sezanzeb,2023-02-24,True
1117408319,335,sezanzeb,2022-05-04,False
1117595775,335,Doxmiatoo,2022-05-04,False
1117743024,335,sezanzeb,2022-05-04,False
1117772611,382,jonasBoss,2022-05-04,False
1117776653,382,supertriodo,2022-05-04,False
1117792997,335,jonasBoss,2022-05-04,False
1117904925,635,github-actions[bot],2023-02-25,True
1117945187,635,jonasBoss,2023-02-25,True
1117947724,635,sezanzeb,2023-02-25,True
1117968460,382,sezanzeb,2022-05-04,False
1118041245,635,github-actions[bot],2023-02-26,True
1118041246,635,github-actions[bot],2023-02-26,True
1118041771,635,github-actions[bot],2023-02-26,True
1118066895,635,jonasBoss,2023-02-26,True
1118068182,635,jonasBoss,2023-02-26,True
1118251525,246,sezanzeb,2022-05-05,False
1119582489,382,jonasBoss,2022-05-06,False
1120241135,331,sezanzeb,2022-05-07,False
1120241471,395,sezanzeb,2022-05-07,False
1120244180,198,sezanzeb,2022-05-07,False
1120244874,331,sezanzeb,2022-05-07,False
1120251804,390,sezanzeb,2022-05-07,False
1120272971,331,kearkyle,2022-05-07,False
1120357697,390,sezanzeb,2022-05-08,False
1120359380,335,sezanzeb,2022-05-08,False
1120361114,335,sezanzeb,2022-05-08,False
1120368089,397,sezanzeb,2022-05-08,False
1120374040,389,sezanzeb,2022-05-08,False
1120376380,389,sezanzeb,2022-05-08,False
1120382708,263,sezanzeb,2022-05-08,False
1120431335,397,jonasBoss,2022-05-08,False
1120431713,389,jonasBoss,2022-05-08,False
1120880667,639,jonasBoss,2023-02-28,True
1120888864,639,jonasBoss,2023-02-28,True
1120898586,639,jonasBoss,2023-02-28,True
1121947017,335,ashleywaite,2022-05-10,False
1122012622,335,sezanzeb,2022-05-10,False
1122016385,335,sezanzeb,2022-05-10,False
1122021190,335,sezanzeb,2022-05-10,False
1122244130,335,jonasBoss,2022-05-10,False
1122272226,335,ashleywaite,2022-05-10,False
1122308439,335,sezanzeb,2022-05-10,False
1122516177,335,Doxmiatoo,2022-05-10,False
1122840023,399,sezanzeb,2022-05-10,False
1123335457,641,github-actions[bot],2023-03-02,True
1123340828,641,github-actions[bot],2023-03-02,True
1123340835,641,github-actions[bot],2023-03-02,True
1123340839,641,github-actions[bot],2023-03-02,True
1123340843,641,github-actions[bot],2023-03-02,True
1123340849,641,github-actions[bot],2023-03-02,True
1123340858,641,github-actions[bot],2023-03-02,True
1123340866,641,github-actions[bot],2023-03-02,True
1123340869,641,github-actions[bot],2023-03-02,True
1123340875,641,github-actions[bot],2023-03-02,True
1123340883,641,github-actions[bot],2023-03-02,True
1123340889,641,github-actions[bot],2023-03-02,True
1123340893,641,github-actions[bot],2023-03-02,True
1123340896,641,github-actions[bot],2023-03-02,True
1123340901,641,github-actions[bot],2023-03-02,True
1123340908,641,github-actions[bot],2023-03-02,True
1123340912,641,github-actions[bot],2023-03-02,True
1123340914,641,github-actions[bot],2023-03-02,True
1123340920,641,github-actions[bot],2023-03-02,True
1123340925,641,github-actions[bot],2023-03-02,True
1123340927,641,github-actions[bot],2023-03-02,True
1123340929,641,github-actions[bot],2023-03-02,True
1123340934,641,github-actions[bot],2023-03-02,True
1123340945,641,github-actions[bot],2023-03-02,True
1123340952,641,github-actions[bot],2023-03-02,True
1123340957,641,github-actions[bot],2023-03-02,True
1123340962,641,github-actions[bot],2023-03-02,True
1123340966,641,github-actions[bot],2023-03-02,True
1123340974,641,github-actions[bot],2023-03-02,True
1123340978,641,github-actions[bot],2023-03-02,True
1123340982,641,github-actions[bot],2023-03-02,True
1123358162,641,sezanzeb,2023-03-02,True
1123363372,641,sezanzeb,2023-03-02,True
1123365774,641,sezanzeb,2023-03-02,True
1123372621,641,sezanzeb,2023-03-02,True
1123412141,641,sezanzeb,2023-03-02,True
1123447430,641,github-actions[bot],2023-03-02,True
1123447437,641,github-actions[bot],2023-03-02,True
1123447445,641,github-actions[bot],2023-03-02,True
1123447452,641,github-actions[bot],2023-03-02,True
1123447458,641,github-actions[bot],2023-03-02,True
1123447462,641,github-actions[bot],2023-03-02,True
1123447469,641,github-actions[bot],2023-03-02,True
1123447475,641,github-actions[bot],2023-03-02,True
1123447486,641,github-actions[bot],2023-03-02,True
1123447493,641,github-actions[bot],2023-03-02,True
1123447497,641,github-actions[bot],2023-03-02,True
1123447501,641,github-actions[bot],2023-03-02,True
1123447509,641,github-actions[bot],2023-03-02,True
1123447516,641,github-actions[bot],2023-03-02,True
1123447523,641,github-actions[bot],2023-03-02,True
1123447527,641,github-actions[bot],2023-03-02,True
1123447531,641,github-actions[bot],2023-03-02,True
1123447537,641,github-actions[bot],2023-03-02,True
1123447541,641,github-actions[bot],2023-03-02,True
1123447546,641,github-actions[bot],2023-03-02,True
1123447549,641,github-actions[bot],2023-03-02,True
1123447556,641,github-actions[bot],2023-03-02,True
1123447563,641,github-actions[bot],2023-03-02,True
1123447568,641,github-actions[bot],2023-03-02,True
1123447577,641,github-actions[bot],2023-03-02,True
1123447584,641,github-actions[bot],2023-03-02,True
1123447592,641,github-actions[bot],2023-03-02,True
1123447601,641,github-actions[bot],2023-03-02,True
1123447612,641,github-actions[bot],2023-03-02,True
1123447620,641,github-actions[bot],2023-03-02,True
1123499227,399,jonasBoss,2022-05-11,False
1124305497,263,sezanzeb,2022-05-11,False
1124523267,335,ashleywaite,2022-05-12,False
1125026529,263,jonasBoss,2022-05-12,False
1126669309,263,sezanzeb,2022-05-14,False
1126674606,263,sezanzeb,2022-05-14,False
1127433945,401,sezanzeb,2022-05-16,False
1127734248,401,Matafou,2022-05-16,False
1127741358,401,NikitaGolovaniuk,2022-05-16,False
1127743428,401,NikitaGolovaniuk,2022-05-16,False
1127837258,401,jonasBoss,2022-05-16,False
1128628606,359,atokle,2022-05-17,False
1128677920,359,sezanzeb,2022-05-17,False
1128680225,402,sezanzeb,2022-05-17,False
1128746453,404,jonasBoss,2022-05-17,False
1128862204,402,RatnadeepBiswakarma,2022-05-17,False
1129268780,404,jonasBoss,2022-05-17,False
1129310619,404,sezanzeb,2022-05-17,False
1129310862,405,sezanzeb,2022-05-17,False
1129315818,402,sezanzeb,2022-05-17,False
1129654936,124,ProjectMoon,2022-05-18,False
1129695664,380,jonasBoss,2022-05-18,False
1129701709,124,jonasBoss,2022-05-18,False
1133857061,407,jonasBoss,2022-05-22,False
1133858630,408,jonasBoss,2022-05-22,False
1133944557,407,och4,2022-05-22,False
1133964400,408,3ibod,2022-05-22,False
1133970843,408,jonasBoss,2022-05-22,False
1133980879,408,3ibod,2022-05-22,False
1136009393,407,sezanzeb,2022-05-24,False
1139388340,409,sezanzeb,2022-05-27,False
1139393204,410,sezanzeb,2022-05-27,False
1140180028,409,everyx,2022-05-28,False
1140267642,409,sezanzeb,2022-05-28,False
1140270164,410,sezanzeb,2022-05-28,False
1140374231,409,everyx,2022-05-29,False
1144544420,412,sezanzeb,2022-06-02,False
1144829642,411,2xlink,2022-06-02,False
1146349708,411,2xlink,2022-06-03,False
1146765920,413,sezanzeb,2022-06-05,False
1146766420,410,sezanzeb,2022-06-05,False
1146766827,408,sezanzeb,2022-06-05,False
1146767350,408,sezanzeb,2022-06-05,False
1146768000,411,sezanzeb,2022-06-05,False
1146768204,402,sezanzeb,2022-06-05,False
1146769314,408,sezanzeb,2022-06-05,False
1146803496,411,pviscone,2022-06-05,False
1146806248,411,sezanzeb,2022-06-05,False
1146806631,411,sezanzeb,2022-06-05,False
1146813490,411,jonasBoss,2022-06-05,False
1146813828,411,sezanzeb,2022-06-05,False
1146814769,372,sezanzeb,2022-06-05,False
1146818278,411,jonasBoss,2022-06-05,False
1146836840,411,pviscone,2022-06-05,False
1147352243,415,sezanzeb,2022-06-06,False
1147353651,415,sezanzeb,2022-06-06,False
1147410803,415,sojusnik,2022-06-06,False
1148022381,401,teslatankx,2022-06-06,False
1148236160,401,Matafou,2022-06-07,False
1148325223,401,sezanzeb,2022-06-07,False
1148357624,416,sezanzeb,2022-06-07,False
1148849851,401,sezanzeb,2022-06-07,False
1149147552,413,sezanzeb,2022-06-07,False
1149737605,411,jonasBoss,2022-06-08,False
1150747418,411,pviscone,2022-06-09,False
1150783682,411,sezanzeb,2022-06-09,False
1150797347,411,pviscone,2022-06-09,False
1150937603,412,sezanzeb,2022-06-09,False
1150940932,140,sezanzeb,2022-06-09,False
1151040067,411,jonasBoss,2022-06-09,False
1151072497,140,spi43984,2022-06-09,False
1152771583,79,jonasBoss,2022-06-10,False
1152776531,99,jonasBoss,2022-06-10,False
1152874064,401,sezanzeb,2022-06-11,False
1152890025,416,sezanzeb,2022-06-11,False
1152913668,375,jonasBoss,2022-06-11,False
1152951256,375,sezanzeb,2022-06-11,False
1152973702,375,jonasBoss,2022-06-11,False
1152987732,375,sezanzeb,2022-06-11,False
1153259079,415,sojusnik,2022-06-12,False
1153301209,415,sezanzeb,2022-06-12,False
1153692105,415,sojusnik,2022-06-13,False
1154450569,673,sezanzeb,2023-03-31,True
1154451659,673,sezanzeb,2023-03-31,True
1154451835,673,sezanzeb,2023-03-31,True
1154452761,673,sezanzeb,2023-03-31,True
1154453631,673,sezanzeb,2023-03-31,True
1154458961,673,sezanzeb,2023-03-31,True
1154459916,673,sezanzeb,2023-03-31,True
1154461287,673,sezanzeb,2023-03-31,True
1154461838,673,sezanzeb,2023-03-31,True
1154465013,669,sezanzeb,2023-03-31,True
1154466221,669,sezanzeb,2023-03-31,True
1154984701,673,pablos-here,2023-03-31,True
1154986730,673,pablos-here,2023-03-31,True
1154988301,673,pablos-here,2023-03-31,True
1154989382,673,pablos-here,2023-03-31,True
1154991224,673,pablos-here,2023-03-31,True
1155073201,669,sezanzeb,2023-04-01,True
1156813112,673,sezanzeb,2023-04-04,True
1156814293,673,sezanzeb,2023-04-04,True
1157383445,401,sezanzeb,2022-06-16,False
1159452379,321,yarikus,2022-06-18,False
1159468318,419,KayTaneJupiter,2022-06-18,False
1159757984,375,sezanzeb,2022-06-19,False
1159758427,321,sezanzeb,2022-06-19,False
1160108969,419,sezanzeb,2022-06-20,False
1160349679,419,KayTaneJupiter,2022-06-20,False
1160893262,321,yarikus,2022-06-20,False
1161334682,673,sezanzeb,2023-04-09,True
1161334770,673,sezanzeb,2023-04-09,True
1161334823,673,sezanzeb,2023-04-09,True
1161647603,321,sezanzeb,2022-06-21,False
1161710681,321,yarikus,2022-06-21,False
1161859413,375,sezanzeb,2022-06-21,False
1161903264,321,sezanzeb,2022-06-21,False
1163210127,420,sezanzeb,2022-06-22,False
1163500720,375,jonasBoss,2022-06-22,False
1166232005,421,sezanzeb,2022-06-25,False
1166232542,421,sezanzeb,2022-06-25,False
1166239443,421,jonasBoss,2022-06-25,False
1166240622,421,sezanzeb,2022-06-25,False
1166240892,421,jonasBoss,2022-06-25,False
1166241027,421,sezanzeb,2022-06-25,False
1166242796,421,jonasBoss,2022-06-25,False
1166243782,421,jonasBoss,2022-06-25,False
1166251831,422,sezanzeb,2022-06-25,False
1166252871,422,sezanzeb,2022-06-25,False
1166612732,422,jonasBoss,2022-06-26,False
1166617555,375,jonasBoss,2022-06-26,False
1168778929,419,sezanzeb,2022-06-28,False
1169811969,419,supertriodo,2022-06-29,False
1172858005,424,sezanzeb,2022-07-02,False
1172885857,424,darkfrank-it,2022-07-02,False
1172951992,424,sezanzeb,2022-07-02,False
1173109088,375,jonasBoss,2022-07-03,False
1176590575,426,jonasBoss,2022-07-06,False
1176608047,425,jonasBoss,2022-07-06,False
1176641186,426,Mat9999,2022-07-06,False
1176746702,426,jonasBoss,2022-07-06,False
1176754803,426,jonasBoss,2022-07-06,False
1176762753,426,Mat9999,2022-07-06,False
1176796375,426,jonasBoss,2022-07-06,False
1176827735,426,Mat9999,2022-07-06,False
1177449241,426,jonasBoss,2022-07-07,False
1177962513,426,Mat9999,2022-07-07,False
1178118805,426,Mat9999,2022-07-07,False
1179537764,335,sezanzeb,2022-07-09,False
1179538232,415,sezanzeb,2022-07-09,False
1179587286,375,sezanzeb,2022-07-09,False
1179592547,427,sezanzeb,2022-07-09,False
1179594181,335,sezanzeb,2022-07-09,False
1179599553,427,nullbyto,2022-07-09,False
1179603361,427,nullbyto,2022-07-09,False
1179604758,415,sojusnik,2022-07-09,False
1179605997,427,sezanzeb,2022-07-09,False
1179607894,427,nullbyto,2022-07-09,False
1179692469,427,jonasBoss,2022-07-10,False
1180850758,418,Techwolf,2022-07-11,False
1181419633,324,Yueh72,2022-07-12,False
1181442242,324,Yueh72,2022-07-12,False
1184694698,429,jonasBoss,2022-07-14,False
1186022244,430,tbe,2022-07-15,False
1186233485,431,jonasBoss,2022-07-16,False
1186314914,431,bmstettin,2022-07-16,False
1187567226,432,sezanzeb,2022-07-18,False
1187676213,432,alavaelian,2022-07-18,False
1188152747,432,sezanzeb,2022-07-18,False
1189457944,433,jonasBoss,2022-07-19,False
1189484971,432,alavaelian,2022-07-19,False
1192097672,402,teslatankx,2022-07-22,False
1192247863,402,sezanzeb,2022-07-22,False
1192534456,434,tukanoidd,2022-07-22,False
1192545976,434,jonasBoss,2022-07-22,False
1192560079,434,tukanoidd,2022-07-22,False
1192751236,435,jonasBoss,2022-07-22,False
1192762392,436,jonasBoss,2022-07-22,False
1192765674,436,AVDambeck,2022-07-22,False
1192920166,437,jonasBoss,2022-07-22,False
1192978087,402,teslatankx,2022-07-22,False
1193085787,375,jonasBoss,2022-07-23,False
1193089971,375,sezanzeb,2022-07-23,False
1193090715,375,jonasBoss,2022-07-23,False
1193091972,402,sezanzeb,2022-07-23,False
1193093375,375,jonasBoss,2022-07-23,False
1193112683,438,jonasBoss,2022-07-23,False
1193113685,438,jonasBoss,2022-07-23,False
1193118867,438,sezanzeb,2022-07-23,False
1193145601,437,tfulmer1,2022-07-23,False
1193151300,437,jonasBoss,2022-07-23,False
1193153471,437,tfulmer1,2022-07-23,False
1193182940,437,tfulmer1,2022-07-23,False
1193191550,437,jonasBoss,2022-07-23,False
1193204768,402,teslatankx,2022-07-23,False
1193224315,437,tfulmer1,2022-07-24,False
1193228081,437,tfulmer1,2022-07-24,False
1193282589,437,jonasBoss,2022-07-24,False
1193283299,441,jonasBoss,2022-07-24,False
1193285716,415,sojusnik,2022-07-24,False
1193363386,441,tfulmer1,2022-07-24,False
1193364514,402,sezanzeb,2022-07-24,False
1193367734,441,jonasBoss,2022-07-24,False
1193368890,402,teslatankx,2022-07-24,False
1193369624,441,tfulmer1,2022-07-24,False
1193371222,441,tfulmer1,2022-07-24,False
1193372609,441,jonasBoss,2022-07-24,False
1193376349,441,tfulmer1,2022-07-24,False
1193378001,441,tfulmer1,2022-07-24,False
1193378137,441,jonasBoss,2022-07-24,False
1193379771,441,tfulmer1,2022-07-24,False
1193379910,441,tfulmer1,2022-07-24,False
1193380042,441,tfulmer1,2022-07-24,False
1193380655,441,tfulmer1,2022-07-24,False
1193382097,441,tfulmer1,2022-07-24,False
1193388006,441,jonasBoss,2022-07-24,False
1193393329,441,jonasBoss,2022-07-24,False
1193468121,441,tfulmer1,2022-07-25,False
1193706411,440,jonasBoss,2022-07-25,False
1193772361,440,sezanzeb,2022-07-25,False
1193781995,441,jonasBoss,2022-07-25,False
1194304862,433,jonasBoss,2022-07-25,False
1194375123,375,sezanzeb,2022-07-25,False
1195341169,708,sezanzeb,2023-05-16,True
1195364523,708,rffontenelle,2023-05-16,True
1195435248,708,sezanzeb,2023-05-16,True
1197867076,447,jonasBoss,2022-07-28,False
1197945764,447,nickyspag,2022-07-28,False
1199579713,711,sezanzeb,2023-05-20,True
1200403320,447,jonasBoss,2022-07-31,False
1200408435,448,jonasBoss,2022-07-31,False
1213315544,452,jonasBoss,2022-08-12,False
1213329020,453,jonasBoss,2022-08-12,False
1219435144,358,bladeSk,2022-08-18,False
1222472998,457,jonasBoss,2022-08-22,False
1222474917,457,jonasBoss,2022-08-22,False
1222489617,457,rodrigopedra,2022-08-22,False
1222642386,29,sezanzeb,2022-08-22,False
1222748936,457,sezanzeb,2022-08-22,False
1222755509,457,sezanzeb,2022-08-22,False
1222928418,457,rodrigopedra,2022-08-22,False
1222938119,457,sezanzeb,2022-08-22,False
1225611068,457,jonasBoss,2022-08-24,False
1227593559,429,mzjp2,2022-08-25,False
1228329207,462,jonasBoss,2022-08-26,False
1229176699,457,sezanzeb,2022-08-27,False
1229419360,457,jonasBoss,2022-08-28,False
1229427276,457,sezanzeb,2022-08-28,False
1229439172,457,jonasBoss,2022-08-28,False
1230100048,442,jonasBoss,2022-08-29,False
1234503814,459,russsaidwords,2022-09-01,False
1234810304,459,jonasBoss,2022-09-01,False
1236114137,459,sezanzeb,2022-09-03,False
1236114813,466,sezanzeb,2022-09-03,False
1236115528,466,jonasBoss,2022-09-03,False
1236126627,442,sezanzeb,2022-09-03,False
1236126781,442,sezanzeb,2022-09-03,False
1236137827,442,jonasBoss,2022-09-03,False
1236168955,442,sezanzeb,2022-09-03,False
1236173426,442,jonasBoss,2022-09-03,False
1236173777,468,jonasBoss,2022-09-03,False
1236198676,471,jonasBoss,2022-09-03,False
1236292520,472,jonasBoss,2022-09-04,False
1241894866,471,sezanzeb,2022-09-09,False
1241902815,442,sezanzeb,2022-09-09,False
1241904435,432,sezanzeb,2022-09-09,False
1241906422,402,sezanzeb,2022-09-09,False
1242672530,473,sezanzeb,2022-09-10,False
1242819343,402,teslatankx,2022-09-10,False
1247049143,473,jonasBoss,2022-09-14,False
1247062288,442,jonasBoss,2022-09-14,False
1248672311,477,jonasBoss,2022-09-15,False
1248683414,468,jonasBoss,2022-09-15,False
1248689598,478,jonasBoss,2022-09-15,False
1249053149,478,AlexMnrs,2022-09-16,False
1249931937,282,rszyma,2022-09-16,False
1249932357,282,rszyma,2022-09-16,False
1249942843,282,rszyma,2022-09-16,False
1250039406,282,zareami10,2022-09-17,False
1250053555,282,rszyma,2022-09-17,False
1250247643,432,sam-kleiner,2022-09-18,False
1250369508,29,kangtyou,2022-09-18,False
1251472649,432,sezanzeb,2022-09-19,False
1251511326,479,sezanzeb,2022-09-19,False
1251514201,462,sezanzeb,2022-09-19,False
1251520023,450,sezanzeb,2022-09-19,False
1251520951,452,sezanzeb,2022-09-19,False
1251528303,429,sezanzeb,2022-09-19,False
1252648083,479,sergiymaksymenko,2022-09-20,False
1252975362,473,TerrorSquad,2022-09-20,False
1253266463,473,sezanzeb,2022-09-21,False
1253528260,473,TerrorSquad,2022-09-21,False
1253601801,473,sezanzeb,2022-09-21,False
1253606630,473,sezanzeb,2022-09-21,False
1253677390,473,TerrorSquad,2022-09-21,False
1253754762,473,sezanzeb,2022-09-21,False
1257156190,432,DamienHodsall,2022-09-25,False
1257186667,432,sezanzeb,2022-09-25,False
1257214404,480,sezanzeb,2022-09-25,False
1257214861,483,sezanzeb,2022-09-25,False
1257221759,483,LoneExile,2022-09-25,False
1259572050,480,TerrorSquad,2022-09-27,False
1260052491,480,sezanzeb,2022-09-27,False
1260052726,479,sezanzeb,2022-09-27,False
1260910209,468,jonasBoss,2022-09-28,False
1260913724,442,jonasBoss,2022-09-28,False
1262204806,442,jonasBoss,2022-09-29,False
1264335037,477,sezanzeb,2022-10-01,False
1264335170,449,sezanzeb,2022-10-01,False
1264661158,442,sezanzeb,2022-10-02,False
1264670750,442,sezanzeb,2022-10-02,False
1264775488,484,sezanzeb,2022-10-03,False
1265424986,484,sezanzeb,2022-10-03,False
1268829018,484,sezanzeb,2022-10-05,False
1269067196,484,jonasBoss,2022-10-05,False
1269596808,484,sezanzeb,2022-10-06,False
1270632018,484,sezanzeb,2022-10-06,False
1270713308,484,jonasBoss,2022-10-06,False
1272531046,486,sezanzeb,2022-10-09,False
1272532113,486,sezanzeb,2022-10-09,False
1272536063,487,sezanzeb,2022-10-09,False
1272538493,487,yngmjgsd,2022-10-09,False
1272551735,487,sezanzeb,2022-10-09,False
1272553420,484,sezanzeb,2022-10-09,False
1272608314,486,JackElsey,2022-10-09,False
1272614108,486,sezanzeb,2022-10-09,False
1273817688,484,sezanzeb,2022-10-10,False
1273838103,484,sezanzeb,2022-10-10,False
1275291660,489,sezanzeb,2022-10-11,False
1275292427,490,sezanzeb,2022-10-11,False
1275296418,488,sezanzeb,2022-10-11,False
1275299661,487,sezanzeb,2022-10-11,False
1275302285,402,teslatankx,2022-10-11,False
1275310777,487,yngmjgsd,2022-10-11,False
1276000254,490,bladeSk,2022-10-12,False
1276340558,488,yngmjgsd,2022-10-12,False
1277289236,492,jonasBoss,2022-10-13,False
1277345098,484,jonasBoss,2022-10-13,False
1277366152,484,jonasBoss,2022-10-13,False
1277992545,484,sezanzeb,2022-10-13,False
1279695258,484,sezanzeb,2022-10-15,False
1279724645,484,sezanzeb,2022-10-15,False
1279964672,473,sezanzeb,2022-10-16,False
1280017103,473,sezanzeb,2022-10-16,False
1280418944,379,sezanzeb,2022-10-17,False
1280561278,473,jonasBoss,2022-10-17,False
1280652995,379,jonasBoss,2022-10-17,False
1281556517,379,sezanzeb,2022-10-17,False
1281968406,379,sezanzeb,2022-10-18,False
1281997353,500,sezanzeb,2022-10-18,False
1282009168,500,jonasBoss,2022-10-18,False
1282011940,500,sezanzeb,2022-10-18,False
1282014583,500,sezanzeb,2022-10-18,False
1282036515,500,jonasBoss,2022-10-18,False
1282050964,500,sezanzeb,2022-10-18,False
1282053793,500,sezanzeb,2022-10-18,False
1282080448,500,sezanzeb,2022-10-18,False
1282317172,500,jonasBoss,2022-10-18,False
1282758352,500,sezanzeb,2022-10-18,False
1282770813,500,sezanzeb,2022-10-18,False
1282835348,500,sezanzeb,2022-10-18,False
1282875695,500,sezanzeb,2022-10-18,False
1283873102,500,sezanzeb,2022-10-19,False
1287346621,374,coffebar,2022-10-21,False
1287358723,374,sezanzeb,2022-10-21,False
1287371530,374,sezanzeb,2022-10-21,False
1287372887,374,coffebar,2022-10-21,False
1287376745,374,sezanzeb,2022-10-21,False
1287378529,374,sezanzeb,2022-10-21,False
1287394223,374,coffebar,2022-10-21,False
1287645822,505,coffebar,2022-10-22,False
1287674539,505,sezanzeb,2022-10-22,False
1287674635,505,sezanzeb,2022-10-22,False
1287755313,507,jonasBoss,2022-10-22,False
1287759560,497,jonasBoss,2022-10-22,False
1287759972,497,sezanzeb,2022-10-22,False
1287760523,508,sezanzeb,2022-10-22,False
1287760727,506,jonasBoss,2022-10-22,False
1287761702,505,jose1711,2022-10-22,False
1287762161,505,sezanzeb,2022-10-22,False
1287762640,508,jonasBoss,2022-10-22,False
1287763180,506,sezanzeb,2022-10-22,False
1287763364,497,jonasBoss,2022-10-22,False
1287763875,506,jonasBoss,2022-10-22,False
1287766362,506,coffebar,2022-10-22,False
1287769705,510,sezanzeb,2022-10-22,False
1287770616,505,coffebar,2022-10-22,False
1287770979,505,sezanzeb,2022-10-22,False
1287773351,510,sezanzeb,2022-10-22,False
1287774712,510,sezanzeb,2022-10-22,False
1288061623,510,jonasBoss,2022-10-23,False
1288077409,497,jonasBoss,2022-10-23,False
1288113825,449,ZeRenCZ,2022-10-23,False
1288123529,497,sezanzeb,2022-10-23,False
1288125148,147,sezanzeb,2022-10-23,False
1288155453,496,sezanzeb,2022-10-23,False
1288161405,427,sezanzeb,2022-10-23,False
1288161546,494,sezanzeb,2022-10-23,False
1288162944,219,sezanzeb,2022-10-23,False
1288163222,168,sezanzeb,2022-10-23,False
1288169488,168,cybermaus,2022-10-23,False
1288169576,168,cybermaus,2022-10-23,False
1288174134,168,sezanzeb,2022-10-23,False
1289745873,515,sezanzeb,2022-10-24,False
1290334928,515,herlev,2022-10-25,False
1290874415,515,sezanzeb,2022-10-25,False
1290875532,515,sezanzeb,2022-10-25,False
1290895164,515,herlev,2022-10-25,False
1290958685,515,herlev,2022-10-25,False
1291040821,515,sezanzeb,2022-10-25,False
1291048301,515,sezanzeb,2022-10-25,False
1292625383,497,jonasBoss,2022-10-26,False
1292702608,497,sezanzeb,2022-10-26,False
1292712880,497,jonasBoss,2022-10-26,False
1293876816,507,Aqua1ung,2022-10-27,False
1293943844,507,jonasBoss,2022-10-27,False
1294248867,497,sezanzeb,2022-10-28,False
1294255886,497,sezanzeb,2022-10-28,False
1294743082,517,jonasBoss,2022-10-28,False
1294756222,518,sezanzeb,2022-10-28,False
1294763335,495,sezanzeb,2022-10-28,False
1294843859,497,jonasBoss,2022-10-28,False
1295184452,518,mxgrey,2022-10-28,False
1295185153,518,sezanzeb,2022-10-28,False
1295380525,497,sezanzeb,2022-10-28,False
1295759515,522,sezanzeb,2022-10-29,False
1295812171,497,sezanzeb,2022-10-29,False
1295812548,508,sezanzeb,2022-10-29,False
1295816220,508,sezanzeb,2022-10-29,False
1295846480,507,sezanzeb,2022-10-29,False
1295853259,95,sezanzeb,2022-10-29,False
1295877411,497,sezanzeb,2022-10-29,False
1296213002,508,sezanzeb,2022-10-30,False
1296244289,523,sezanzeb,2022-10-30,False
1296244545,515,sezanzeb,2022-10-30,False
1296245355,523,Munzu,2022-10-30,False
1296249538,523,sezanzeb,2022-10-30,False
1296251331,523,Munzu,2022-10-30,False
1296257736,523,sezanzeb,2022-10-30,False
1296258303,523,Munzu,2022-10-30,False
1296259904,523,sezanzeb,2022-10-30,False
1296260413,523,Munzu,2022-10-30,False
1296260749,523,sezanzeb,2022-10-30,False
1296260861,523,sezanzeb,2022-10-30,False
1296260956,523,sezanzeb,2022-10-30,False
1296261489,523,sezanzeb,2022-10-30,False
1296261611,523,Munzu,2022-10-30,False
1296262045,523,sezanzeb,2022-10-30,False
1296262234,523,sezanzeb,2022-10-30,False
1296262584,523,Munzu,2022-10-30,False
1296263010,523,Munzu,2022-10-30,False
1296264143,523,Munzu,2022-10-30,False
1296265335,523,sezanzeb,2022-10-30,False
1296267857,523,Munzu,2022-10-30,False
1296268303,523,Munzu,2022-10-30,False
1296268327,523,sezanzeb,2022-10-30,False
1296268778,523,sezanzeb,2022-10-30,False
1296269867,523,Munzu,2022-10-30,False
1296272390,523,sezanzeb,2022-10-30,False
1296272509,523,sezanzeb,2022-10-30,False
1296272681,523,sezanzeb,2022-10-30,False
1296273270,523,sezanzeb,2022-10-30,False
1296273589,523,Munzu,2022-10-30,False
1296277136,523,sezanzeb,2022-10-30,False
1296278368,523,Munzu,2022-10-30,False
1296286720,523,sezanzeb,2022-10-30,False
1296286996,523,sezanzeb,2022-10-30,False
1296288544,523,Munzu,2022-10-30,False
1296289821,523,Munzu,2022-10-30,False
1296312012,523,sezanzeb,2022-10-30,False
1296312459,523,sezanzeb,2022-10-30,False
1296312686,523,Munzu,2022-10-30,False
1296314148,523,Munzu,2022-10-30,False
1296314297,523,sezanzeb,2022-10-30,False
1296321150,523,Munzu,2022-10-30,False
1296322892,523,Munzu,2022-10-30,False
1296814399,523,sezanzeb,2022-10-31,False
1296820106,523,Munzu,2022-10-31,False
1296853383,523,Munzu,2022-10-31,False
1297584471,507,tsantzi,2022-10-31,False
1297596801,507,jonasBoss,2022-10-31,False
1298292621,524,jonasBoss,2022-11-01,False
1298355811,524,sezanzeb,2022-11-01,False
1298404451,526,sezanzeb,2022-11-01,False
1298424947,525,sezanzeb,2022-11-01,False
1298483114,374,TacticalCode,2022-11-01,False
1298486188,374,sezanzeb,2022-11-01,False
1298622645,527,TacticalCode,2022-11-01,False
1298713844,526,LunNova,2022-11-01,False
1299316593,517,beaverrrr,2022-11-01,False
1300668516,517,jonasBoss,2022-11-02,False
1300748636,435,jonasBoss,2022-11-02,False
1300782912,527,sezanzeb,2022-11-02,False
1300884180,435,sezanzeb,2022-11-02,False
1301330172,517,beaverrrr,2022-11-02,False
1302123342,529,sezanzeb,2022-11-03,False
1302507559,517,jonasBoss,2022-11-03,False
1302514392,435,jonasBoss,2022-11-03,False
1302582688,435,sezanzeb,2022-11-03,False
1302593066,435,sezanzeb,2022-11-03,False
1302627306,529,theorin,2022-11-03,False
1302676775,529,sezanzeb,2022-11-03,False
1302677641,529,sezanzeb,2022-11-03,False
1302681352,528,sezanzeb,2022-11-03,False
1302689488,435,jonasBoss,2022-11-03,False
1304094508,528,NickTheOnlyNeko,2022-11-04,False
1304539073,435,sezanzeb,2022-11-05,False
1304539851,432,sezanzeb,2022-11-05,False
1304540973,36,sezanzeb,2022-11-05,False
1304541095,374,sezanzeb,2022-11-05,False
1304541663,147,sezanzeb,2022-11-05,False
1304542433,530,sezanzeb,2022-11-05,False
1304542846,114,sezanzeb,2022-11-05,False
1304542946,530,sezanzeb,2022-11-05,False
1304545625,220,sezanzeb,2022-11-05,False
1304546057,523,sezanzeb,2022-11-05,False
1304546277,530,sezanzeb,2022-11-05,False
1304550210,530,sezanzeb,2022-11-05,False
1304635014,523,Munzu,2022-11-05,False
1304658739,523,sezanzeb,2022-11-05,False
1304757535,509,sezanzeb,2022-11-06,False
1304757757,526,sezanzeb,2022-11-06,False
1304897366,532,ghost,2022-11-06,False
1305947629,532,sezanzeb,2022-11-07,False
1306044153,530,sezanzeb,2022-11-07,False
1306045880,468,sezanzeb,2022-11-07,False
1306451258,532,ghost,2022-11-08,False
1307002583,532,sezanzeb,2022-11-08,False
1307395679,533,sezanzeb,2022-11-08,False
1307515662,36,CarlosEkisde,2022-11-08,False
1307728611,36,sezanzeb,2022-11-08,False
1307846881,533,mcarans,2022-11-08,False
1307851033,533,mcarans,2022-11-08,False
1307906524,533,sezanzeb,2022-11-08,False
1308043926,534,mcarans,2022-11-09,False
1309034175,519,jonasBoss,2022-11-09,False
1309050586,535,andrejvanderzee,2022-11-09,False
1309208005,519,sezanzeb,2022-11-09,False
1309262835,519,jonasBoss,2022-11-09,False
1309362955,519,sezanzeb,2022-11-09,False
1311229800,532,ghost,2022-11-11,False
1311353075,532,sezanzeb,2022-11-11,False
1311445585,532,ghost,2022-11-11,False
1311450971,532,sezanzeb,2022-11-11,False
1311499597,532,ghost,2022-11-11,False
1311502878,532,ghost,2022-11-11,False
1311523980,532,sezanzeb,2022-11-11,False
1311526800,532,ghost,2022-11-11,False
1311532238,532,ghost,2022-11-11,False
1311548863,532,sezanzeb,2022-11-11,False
1311550668,535,sezanzeb,2022-11-11,False
1312270859,519,sezanzeb,2022-11-11,False
1312271064,505,sezanzeb,2022-11-11,False
1312271636,527,sezanzeb,2022-11-11,False
1312530343,537,sezanzeb,2022-11-12,False
1312530982,537,sezanzeb,2022-11-12,False
1312537904,505,coffebar,2022-11-12,False
1312548224,505,coffebar,2022-11-12,False
1312553423,99,sezanzeb,2022-11-12,False
1312553600,79,sezanzeb,2022-11-12,False
1312553786,229,sezanzeb,2022-11-12,False
1312553877,221,sezanzeb,2022-11-12,False
1312554124,447,sezanzeb,2022-11-12,False
1312811468,505,jose1711,2022-11-13,False
1313324631,505,coffebar,2022-11-14,False
1314192901,538,sezanzeb,2022-11-14,False
1314223541,505,sezanzeb,2022-11-14,False
1314255948,538,trm109,2022-11-14,False
1315424487,538,sezanzeb,2022-11-15,False
1315503388,538,trm109,2022-11-15,False
1315916324,538,sezanzeb,2022-11-15,False
1317482576,542,sezanzeb,2022-11-16,False
1317501286,542,alxpl,2022-11-16,False
1317515370,542,alxpl,2022-11-16,False
1317569593,542,sezanzeb,2022-11-16,False
1317585228,542,alxpl,2022-11-16,False
1317590658,542,alxpl,2022-11-16,False
1317890362,542,alxpl,2022-11-17,False
1318351858,505,jose1711,2022-11-17,False
1318354293,543,jose1711,2022-11-17,False
1318408839,539,jose1711,2022-11-17,False
1318460565,544,jose1711,2022-11-17,False
1318873667,537,alxpl,2022-11-17,False
1319015976,539,sezanzeb,2022-11-17,False
1319020132,542,sezanzeb,2022-11-17,False
1319100643,544,sezanzeb,2022-11-17,False
1319115592,544,sezanzeb,2022-11-17,False
1319166535,537,teslatankx,2022-11-17,False
1319219403,544,jose1711,2022-11-17,False
1319834644,544,sezanzeb,2022-11-18,False
1319838126,544,sezanzeb,2022-11-18,False
1319839130,544,sezanzeb,2022-11-18,False
1319864379,537,Zeit08,2022-11-18,False
1319903081,547,sezanzeb,2022-11-18,False
1319904257,547,sezanzeb,2022-11-18,False
1319906070,547,sezanzeb,2022-11-18,False
1319908531,546,sezanzeb,2022-11-18,False
1319913205,547,supertriodo,2022-11-18,False
1319979032,544,jose1711,2022-11-18,False
1320199907,544,sezanzeb,2022-11-18,False
1320202500,544,sezanzeb,2022-11-18,False
1320638756,539,jose1711,2022-11-18,False
1320851380,537,sezanzeb,2022-11-19,False
1320852957,548,sezanzeb,2022-11-19,False
1320854602,543,sezanzeb,2022-11-19,False
1320863868,537,alxpl,2022-11-19,False
1320865400,537,sezanzeb,2022-11-19,False
1323159370,546,joezhouchenye,2022-11-22,False
1323392173,546,sezanzeb,2022-11-22,False
1323403345,544,jonasBoss,2022-11-22,False
1323683769,554,jonasBoss,2022-11-22,False
1323794027,554,bennypowers,2022-11-22,False
1323829792,554,bennypowers,2022-11-22,False
1323905543,554,jonasBoss,2022-11-22,False
1323922095,554,jonasBoss,2022-11-22,False
1324566297,554,bennypowers,2022-11-23,False
1324677235,554,bennypowers,2022-11-23,False
1324811327,553,sezanzeb,2022-11-23,False
1324821154,552,sezanzeb,2022-11-23,False
1324844192,538,sezanzeb,2022-11-23,False
1324846021,554,sezanzeb,2022-11-23,False
1325707790,552,sezanzeb,2022-11-23,False
1326245098,551,jonasBoss,2022-11-24,False
1326847394,558,Spiralo-Idioide,2022-11-24,False
1328035116,551,sezanzeb,2022-11-26,False
1328683054,468,sezanzeb,2022-11-28,False
1330328003,560,sezanzeb,2022-11-29,False
1330333521,559,sezanzeb,2022-11-29,False
1330334860,559,ghost,2022-11-29,False
1330336036,559,sezanzeb,2022-11-29,False
1330338701,559,sezanzeb,2022-11-29,False
1330346906,559,ghost,2022-11-29,False
1330395914,559,sezanzeb,2022-11-29,False
1330398668,559,ghost,2022-11-29,False
1330402977,559,sezanzeb,2022-11-29,False
1330404016,559,sezanzeb,2022-11-29,False
1330410085,559,sezanzeb,2022-11-29,False
1330412352,559,ghost,2022-11-29,False
1330412958,559,sezanzeb,2022-11-29,False
1330413391,559,ghost,2022-11-29,False
1330416913,559,sezanzeb,2022-11-29,False
1330419561,559,ghost,2022-11-29,False
1330421964,559,sezanzeb,2022-11-29,False
1330438954,559,ghost,2022-11-29,False
1330622634,559,sezanzeb,2022-11-29,False
1330634535,559,ghost,2022-11-29,False
1332748812,561,sezanzeb,2022-11-30,False
1335687756,564,LunNova,2022-12-02,False
1335693434,565,jonasBoss,2022-12-02,False
1335852354,564,sezanzeb,2022-12-02,False
1335865675,565,LunNova,2022-12-02,False
1335867086,566,LunNova,2022-12-02,False
1335926317,433,jonasBoss,2022-12-02,False
1335934152,544,jonasBoss,2022-12-02,False
1335934928,566,sezanzeb,2022-12-02,False
1335936444,517,jonasBoss,2022-12-02,False
1335957186,550,jonasBoss,2022-12-02,False
1336176100,567,jonasBoss,2022-12-03,False
1337572186,568,sezanzeb,2022-12-05,False
1338954815,568,Spiralo-Idioide,2022-12-06,False
1339149110,568,sezanzeb,2022-12-06,False
1339280950,569,sezanzeb,2022-12-06,False
1339283001,570,sezanzeb,2022-12-06,False
1339450704,569,jonasBoss,2022-12-06,False
1339453847,569,jonasBoss,2022-12-06,False
1339459972,570,jonasBoss,2022-12-06,False
1339546420,457,jonasBoss,2022-12-06,False
1339609745,550,sezanzeb,2022-12-06,False
1339612812,572,sezanzeb,2022-12-06,False
1340019074,517,beaverrrr,2022-12-06,False
1340654845,517,jonasBoss,2022-12-07,False
1340940527,573,sezanzeb,2022-12-07,False
1340990336,573,bybor,2022-12-07,False
1341046110,572,adam-kulagowski,2022-12-07,False
1341130592,572,jonasBoss,2022-12-07,False
1341449128,572,adam-kulagowski,2022-12-07,False
1342436070,572,jonasBoss,2022-12-08,False
1342467768,572,jonasBoss,2022-12-08,False
1343168205,550,sezanzeb,2022-12-08,False
1343414889,550,sezanzeb,2022-12-08,False
1343424490,550,jonasBoss,2022-12-08,False
1345239369,550,sezanzeb,2022-12-10,False
1345240030,550,sezanzeb,2022-12-10,False
1345572097,523,mihalycsaba,2022-12-11,False
1346458143,523,sezanzeb,2022-12-12,False
1346459873,574,sezanzeb,2022-12-12,False
1346461904,574,sezanzeb,2022-12-12,False
1346945756,576,sezanzeb,2022-12-12,False
1347426241,351,jason-bxtn,2022-12-12,False
1352172512,550,sezanzeb,2022-12-14,False
1352243727,550,jonasBoss,2022-12-14,False
1353137754,577,sezanzeb,2022-12-15,False
1353157294,578,jonasBoss,2022-12-15,False
1353168791,578,sezanzeb,2022-12-15,False
1353179353,578,jonasBoss,2022-12-15,False
1353186947,578,jonasBoss,2022-12-15,False
1353245705,578,sezanzeb,2022-12-15,False
1353247071,578,sezanzeb,2022-12-15,False
1353277933,578,sezanzeb,2022-12-15,False
1353302228,578,jonasBoss,2022-12-15,False
1353320462,578,jonasBoss,2022-12-15,False
1356863846,537,alxpl,2022-12-18,False
1362727856,581,jonasBoss,2022-12-22,False
1362743395,579,jonasBoss,2022-12-22,False
1363062944,582,sezanzeb,2022-12-22,False
1363684197,579,Hackgets,2022-12-23,False
1364575729,570,kermitfrog,2022-12-24,False
1364577069,569,kermitfrog,2022-12-24,False
1364702056,581,NickTheOnlyNeko,2022-12-25,False
1365037625,583,sezanzeb,2022-12-26,False
1365039845,581,sezanzeb,2022-12-26,False
1365223947,579,jonasBoss,2022-12-26,False
1365282229,581,NickTheOnlyNeko,2022-12-26,False
1365296805,581,sezanzeb,2022-12-26,False
1365297390,581,sezanzeb,2022-12-26,False
1365442112,586,jonasBoss,2022-12-26,False
1365725584,586,QuirinR33,2022-12-27,False
1365749082,586,QuirinR33,2022-12-27,False
1366317529,581,NickTheOnlyNeko,2022-12-28,False
1366572728,586,sezanzeb,2022-12-28,False
1367220757,586,QuirinR33,2022-12-29,False
1367282807,586,sezanzeb,2022-12-29,False
1367896658,578,sezanzeb,2022-12-30,False
1367898790,578,sezanzeb,2022-12-30,False
1374673063,578,jonasBoss,2023-01-08,False
1374773566,589,sezanzeb,2023-01-08,False
1374884367,589,mateowoetam,2023-01-08,False
1375225661,589,sezanzeb,2023-01-09,False
1375229071,589,sezanzeb,2023-01-09,False
1377683281,592,sezanzeb,2023-01-10,False
1377687365,592,sezanzeb,2023-01-10,False
1377689579,592,sezanzeb,2023-01-10,False
1377694375,592,jonasBoss,2023-01-10,False
1377803249,592,skitt,2023-01-10,False
1378463433,592,sezanzeb,2023-01-11,False
1379483261,539,yngmjgsd,2023-01-11,False
1379483803,591,sezanzeb,2023-01-11,False
1379485798,593,sezanzeb,2023-01-11,False
1379492044,578,sezanzeb,2023-01-11,False
1379495737,588,sezanzeb,2023-01-11,False
1379568798,578,jonasBoss,2023-01-11,False
1380977876,448,yngmjgsd,2023-01-12,False
1381493642,588,tukanos,2023-01-13,False
1381794048,588,sezanzeb,2023-01-13,False
1383125374,578,sezanzeb,2023-01-15,False
1386945182,804,sezanzeb,2023-11-08,True
1386945503,804,sezanzeb,2023-11-08,True
1386946065,804,sezanzeb,2023-11-08,True
1386946307,804,sezanzeb,2023-11-08,True
1399574049,523,croots,2023-01-22,False
1400956541,599,moonninja,2023-01-23,False
1407699063,602,ierotheo,2023-01-29,False
1409780666,364,UN-9BOT,2023-01-31,False
1409931792,603,sezanzeb,2023-01-31,False
1409933146,602,sezanzeb,2023-01-31,False
1409933938,600,sezanzeb,2023-01-31,False
1410034906,603,UN-9BOT,2023-01-31,False
1410067223,603,sezanzeb,2023-01-31,False
1410168425,603,UN-9BOT,2023-01-31,False
1410244686,603,sezanzeb,2023-01-31,False
1410993955,605,jonasBoss,2023-01-31,False
1410996267,605,jonasBoss,2023-01-31,False
1414584897,604,yngmjgsd,2023-02-03,False
1415286170,604,sezanzeb,2023-02-03,False
1415304389,604,nlepage,2023-02-03,False
1418274971,609,jonasBoss,2023-02-05,False
1418706812,538,carbon853,2023-02-06,False
1421558395,611,alxpl,2023-02-07,False
1421604149,607,jonasBoss,2023-02-07,False
1423846071,526,sezanzeb,2023-02-09,False
1426795103,604,sezanzeb,2023-02-11,False
1426795437,604,sezanzeb,2023-02-11,False
1426797354,611,sezanzeb,2023-02-11,False
1426798218,523,sezanzeb,2023-02-11,False
1426978190,615,sezanzeb,2023-02-12,False
1426979008,616,sezanzeb,2023-02-12,False
1426980140,590,sezanzeb,2023-02-12,False
1426980632,590,sezanzeb,2023-02-12,False
1426981642,589,sezanzeb,2023-02-12,False
1426982170,616,ubunatic,2023-02-12,False
1426984490,616,sezanzeb,2023-02-12,False
1427090526,617,faedy2,2023-02-12,False
1427580572,619,jonasBoss,2023-02-13,False
1428438453,619,SamDevelopsCode,2023-02-13,False
1428828711,619,jonasBoss,2023-02-13,False
1428882951,619,SamDevelopsCode,2023-02-13,False
1429853259,609,ZeRenCZ,2023-02-14,False
1430168952,609,jonasBoss,2023-02-14,False
1433741954,614,sezanzeb,2023-02-16,False
1433773981,578,sezanzeb,2023-02-16,False
1434016949,614,TherinS,2023-02-17,False
1434269423,620,sezanzeb,2023-02-17,False
1434284632,613,sezanzeb,2023-02-17,False
1434660774,578,jonasBoss,2023-02-17,False
1434729646,621,jonasBoss,2023-02-17,False
1434786413,618,sezanzeb,2023-02-17,False
1434804529,578,sezanzeb,2023-02-17,False
1434832569,544,sezanzeb,2023-02-17,False
1435383913,618,ubunatic,2023-02-17,False
1435397194,621,ubunatic,2023-02-17,False
1435525552,621,sezanzeb,2023-02-18,False
1435526362,621,sezanzeb,2023-02-18,False
1435682365,621,jonasBoss,2023-02-18,False
1435802518,621,ubunatic,2023-02-19,False
1435993948,623,sezanzeb,2023-02-19,False
1437022619,621,jonasBoss,2023-02-20,False
1437502074,607,sezanzeb,2023-02-20,False
1437522313,444,jonasBoss,2023-02-20,False
1437522777,445,jonasBoss,2023-02-20,False
1437527534,296,jonasBoss,2023-02-20,False
1437530967,290,jonasBoss,2023-02-20,False
1437539096,626,sezanzeb,2023-02-20,False
1437706438,621,ubunatic,2023-02-21,False
1438280218,621,jonasBoss,2023-02-21,False
1438329580,626,jonasBoss,2023-02-21,False
1438401524,621,ubunatic,2023-02-21,False
1438492881,628,jonasBoss,2023-02-21,False
1438556294,628,ubunatic,2023-02-21,False
1440768935,628,ubunatic,2023-02-22,False
1440774866,628,sezanzeb,2023-02-22,False
1440775412,628,ubunatic,2023-02-22,False
1440805911,628,ubunatic,2023-02-22,False
1441541108,335,sezanzeb,2023-02-23,False
1441583893,631,jonasBoss,2023-02-23,False
1442296402,631,BadKiko,2023-02-23,False
1442573345,628,ubunatic,2023-02-23,False
1442882826,632,sezanzeb,2023-02-24,False
1443464331,628,jonasBoss,2023-02-24,False
1444064012,634,sezanzeb,2023-02-24,False
1444601843,628,ubunatic,2023-02-24,False
1445028068,632,sezanzeb,2023-02-25,False
1445030769,628,sezanzeb,2023-02-25,False
1445031094,628,sezanzeb,2023-02-25,False
1445179885,623,mcg1103,2023-02-25,False
1445182423,623,mcg1103,2023-02-25,False
1445297917,635,sezanzeb,2023-02-26,False
1445454611,632,ubunatic,2023-02-26,False
1445457698,632,sezanzeb,2023-02-26,False
1446616361,637,jonasBoss,2023-02-27,False
1446765547,637,sezanzeb,2023-02-27,False
1446798202,638,sezanzeb,2023-02-27,False
1446862978,637,jonasBoss,2023-02-27,False
1446873648,637,sezanzeb,2023-02-27,False
1448930533,640,sezanzeb,2023-02-28,False
1448938276,637,sezanzeb,2023-02-28,False
1450133175,640,CrabbyDisk,2023-03-01,False
1450650256,640,sezanzeb,2023-03-01,False
1450758863,639,sezanzeb,2023-03-01,False
1450773367,373,sezanzeb,2023-03-01,False
1450822778,373,mjg,2023-03-01,False
1450828021,373,sezanzeb,2023-03-01,False
1450982558,639,sezanzeb,2023-03-01,False
1452121000,641,sezanzeb,2023-03-02,False
1452224826,641,sezanzeb,2023-03-02,False
1452243764,595,sezanzeb,2023-03-02,False
1454662994,537,sezanzeb,2023-03-04,False
1454681914,573,sezanzeb,2023-03-04,False
1454719227,537,alxpl,2023-03-04,False
1454791309,360,sezanzeb,2023-03-04,False
1454832275,644,sezanzeb,2023-03-04,False
1454836654,644,Kiaos,2023-03-04,False
1454840254,644,Kiaos,2023-03-04,False
1454854974,644,Kiaos,2023-03-04,False
1455014221,637,coffebar,2023-03-05,False
1455043978,637,jonasBoss,2023-03-05,False
1455050668,645,jonasBoss,2023-03-05,False
1455059298,645,jonasBoss,2023-03-05,False
1455067387,645,Suranovi,2023-03-05,False
1455067656,645,Suranovi,2023-03-05,False
1455068373,645,Suranovi,2023-03-05,False
1455083212,644,sezanzeb,2023-03-05,False
1455087350,645,jonasBoss,2023-03-05,False
1455128789,645,Suranovi,2023-03-05,False
1455134735,645,jonasBoss,2023-03-05,False
1455149372,637,Strykar,2023-03-05,False
1455158736,637,sezanzeb,2023-03-05,False
1455158961,646,sezanzeb,2023-03-05,False
1455159278,648,sezanzeb,2023-03-05,False
1455171734,648,Aqua1ung,2023-03-05,False
1455172656,21,Aqua1ung,2023-03-05,False
1456392821,649,sezanzeb,2023-03-06,False
1456394290,651,sezanzeb,2023-03-06,False
1456409107,637,sezanzeb,2023-03-06,False
1456579801,649,BootZ123,2023-03-06,False
1456622261,649,sezanzeb,2023-03-06,False
1456720211,649,BootZ123,2023-03-06,False
1456895537,649,sezanzeb,2023-03-06,False
1456918736,649,BootZ123,2023-03-06,False
1457040811,649,sezanzeb,2023-03-06,False
1457064960,652,theorin,2023-03-06,False
1457171724,649,BootZ123,2023-03-06,False
1457631769,21,sezanzeb,2023-03-07,False
1457711043,653,sezanzeb,2023-03-07,False
1458692887,21,Aqua1ung,2023-03-07,False
1458746227,21,sezanzeb,2023-03-07,False
1460448534,653,quazl,2023-03-08,False
1460671353,654,londeril,2023-03-08,False
1460994996,632,ubunatic,2023-03-08,False
1461889196,632,sezanzeb,2023-03-09,False
1465360052,649,Lazerbeak1409,2023-03-13,False
1465590102,649,sezanzeb,2023-03-13,False
1465634017,649,BootZ123,2023-03-13,False
1465650430,649,sezanzeb,2023-03-13,False
1466482637,649,Lazerbeak1409,2023-03-13,False
1466504520,649,sezanzeb,2023-03-13,False
1466521751,655,sezanzeb,2023-03-13,False
1467029589,656,sezanzeb,2023-03-13,False
1467062738,655,heike-hh,2023-03-13,False
1467073929,655,heike-hh,2023-03-13,False
1467074008,656,sezanzeb,2023-03-13,False
1467533350,655,sezanzeb,2023-03-14,False
1467539916,655,sezanzeb,2023-03-14,False
1468847864,655,heike-hh,2023-03-14,False
1468993969,117,littlesandra88,2023-03-14,False
1475188002,659,sezanzeb,2023-03-19,False
1475237479,626,sezanzeb,2023-03-19,False
1475245716,658,sezanzeb,2023-03-19,False
1476424199,537,sezanzeb,2023-03-20,False
1476468844,662,sezanzeb,2023-03-20,False
1476487274,662,civarry,2023-03-20,False
1476497104,662,sezanzeb,2023-03-20,False
1476509269,662,sezanzeb,2023-03-20,False
1476526449,662,civarry,2023-03-20,False
1476529701,662,civarry,2023-03-20,False
1476561721,662,sezanzeb,2023-03-20,False
1476563172,662,civarry,2023-03-20,False
1476571756,662,sezanzeb,2023-03-20,False
1476581528,662,civarry,2023-03-20,False
1476795642,537,alxpl,2023-03-20,False
1477335514,537,sezanzeb,2023-03-21,False
1477780125,537,alxpl,2023-03-21,False
1480423161,653,psiho,2023-03-23,False
1480854964,526,Mte90,2023-03-23,False
1481464091,526,herzenschein,2023-03-23,False
1481480228,526,Mte90,2023-03-23,False
1481628881,526,herzenschein,2023-03-23,False
1481757250,664,sezanzeb,2023-03-23,False
1483225869,661,sezanzeb,2023-03-24,False
1483871393,665,jonasBoss,2023-03-25,False
1483897813,665,Moini,2023-03-25,False
1483898686,665,Moini,2023-03-25,False
1483941681,542,alxpl,2023-03-25,False
1484026979,653,bphenriques,2023-03-26,False
1484038169,542,sezanzeb,2023-03-26,False
1484040134,665,jonasBoss,2023-03-26,False
1484049608,666,jonasBoss,2023-03-26,False
1484077773,666,pablos-here,2023-03-26,False
1484081324,665,skitt,2023-03-26,False
1484094146,668,pablos-here,2023-03-26,False
1484117436,668,jonasBoss,2023-03-26,False
1484118636,668,pablos-here,2023-03-26,False
1484128955,542,alxpl,2023-03-26,False
1484151840,429,marcoleder,2023-03-26,False
1484249316,668,pablos-here,2023-03-26,False
1484251323,668,jonasBoss,2023-03-26,False
1484403167,668,pablos-here,2023-03-27,False
1485248893,665,Moini,2023-03-27,False
1485256171,665,Moini,2023-03-27,False
1487043775,672,pablos-here,2023-03-28,False
1487180666,672,jonasBoss,2023-03-28,False
1487576872,542,sezanzeb,2023-03-28,False
1487592627,83,Blaimi,2023-03-28,False
1491889443,673,sezanzeb,2023-03-31,False
1491896858,673,pablos-here,2023-03-31,False
1491916429,669,sezanzeb,2023-03-31,False
1492412998,669,jonasBoss,2023-03-31,False
1492717090,673,pablos-here,2023-03-31,False
1492865229,673,sezanzeb,2023-04-01,False
1492991207,673,pablos-here,2023-04-01,False
1493005840,429,marcoleder,2023-04-01,False
1493212155,523,AndreidForGit,2023-04-02,False
1493291532,523,sezanzeb,2023-04-02,False
1493295729,673,sezanzeb,2023-04-02,False
1493310458,671,sezanzeb,2023-04-02,False
1493311726,674,sezanzeb,2023-04-02,False
1493313607,673,pablos-here,2023-04-02,False
1493315960,669,sezanzeb,2023-04-02,False
1493317098,674,alxpl,2023-04-02,False
1493318006,673,sezanzeb,2023-04-02,False
1493319079,673,pablos-here,2023-04-02,False
1493321235,673,sezanzeb,2023-04-02,False
1493325194,673,pablos-here,2023-04-02,False
1493516463,673,pablos-here,2023-04-03,False
1495053620,673,pablos-here,2023-04-03,False
1495453757,673,sezanzeb,2023-04-04,False
1495881841,671,dethredic,2023-04-04,False
1495962308,671,sezanzeb,2023-04-04,False
1495965251,671,sezanzeb,2023-04-04,False
1495976579,671,dethredic,2023-04-04,False
1495985952,671,sezanzeb,2023-04-04,False
1496237923,673,pablos-here,2023-04-04,False
1496394829,673,sezanzeb,2023-04-04,False
1496398067,673,pablos-here,2023-04-04,False
1496842127,629,HKaufmann-Student,2023-04-05,False
1496987538,629,sezanzeb,2023-04-05,False
1497350882,560,timmarjo,2023-04-05,False
1497359097,560,sezanzeb,2023-04-05,False
1497439525,560,timmarjo,2023-04-05,False
1500578381,669,jonasBoss,2023-04-07,False
1500830011,684,ghost,2023-04-08,False
1500872525,673,pablos-here,2023-04-08,False
1500884374,673,sezanzeb,2023-04-08,False
1500884941,673,sezanzeb,2023-04-08,False
1500887937,673,pablos-here,2023-04-08,False
1500889520,673,sezanzeb,2023-04-08,False
1500890310,673,pablos-here,2023-04-08,False
1500892393,673,sezanzeb,2023-04-08,False
1500894779,673,pablos-here,2023-04-08,False
1500935424,29,ShinyZero0,2023-04-08,False
1501023126,676,sinoftheta,2023-04-09,False
1501216007,673,pablos-here,2023-04-09,False
1516976228,662,DamienHodsall,2023-04-20,False
1521081144,560,ambassader,2023-04-25,False
1521252740,560,sezanzeb,2023-04-25,False
1521256303,690,sezanzeb,2023-04-25,False
1521259261,687,sezanzeb,2023-04-25,False
1521541061,687,antheas,2023-04-25,False
1522191739,560,ambassader,2023-04-25,False
1527828671,694,ghost,2023-04-28,False
1528971237,695,theoretischer,2023-04-30,False
1529060148,695,theoretischer,2023-04-30,False
1530386536,581,teslatankx,2023-05-01,False
1532032005,698,abrombo,2023-05-02,False
1532116545,698,abrombo,2023-05-02,False
1535924725,685,sezanzeb,2023-05-05,False
1537071435,697,sezanzeb,2023-05-06,False
1537071492,697,sezanzeb,2023-05-06,False
1537147653,697,leysont,2023-05-06,False
1537159475,697,sezanzeb,2023-05-06,False
1537454910,697,leysont,2023-05-07,False
1539164815,537,baughmann,2023-05-08,False
1540599348,701,ChristinesMan,2023-05-09,False
1540786341,701,ArtCore13,2023-05-09,False
1540802332,568,arch-btw,2023-05-09,False
1540883552,568,sezanzeb,2023-05-09,False
1545378846,697,mickeyl,2023-05-12,False
1545382318,697,sezanzeb,2023-05-12,False
1545385537,697,mickeyl,2023-05-12,False
1545386448,676,mickeyl,2023-05-12,False
1545388405,676,sezanzeb,2023-05-12,False
1545393742,698,mickeyl,2023-05-12,False
1545400342,676,jonasBoss,2023-05-12,False
1545679459,676,mickeyl,2023-05-12,False
1545698298,676,jonasBoss,2023-05-12,False
1545716267,676,sezanzeb,2023-05-12,False
1545718921,676,sezanzeb,2023-05-12,False
1546543691,685,j-hap,2023-05-13,False
1550066907,709,rffontenelle,2023-05-16,False
1550282773,709,sezanzeb,2023-05-16,False
1550341839,709,rffontenelle,2023-05-16,False
1550404283,709,sezanzeb,2023-05-16,False
1551350011,710,jonasBoss,2023-05-17,False
1552168363,710,littlesandra88,2023-05-17,False
1553304664,710,jonasBoss,2023-05-18,False
1553846354,701,giorgeabdala,2023-05-19,False
1554593980,710,littlesandra88,2023-05-19,False
1554996923,710,jonasBoss,2023-05-19,False
1555169143,710,littlesandra88,2023-05-19,False
1555903002,710,jonasBoss,2023-05-20,False
1556005888,710,littlesandra88,2023-05-20,False
1556044205,710,jonasBoss,2023-05-20,False
1556219916,709,sezanzeb,2023-05-21,False
1556311152,710,littlesandra88,2023-05-21,False
1557159010,709,rffontenelle,2023-05-22,False
1557258457,709,sezanzeb,2023-05-22,False
1557262586,709,sezanzeb,2023-05-22,False
1558404671,538,trm109,2023-05-23,False
1559196297,710,jonasBoss,2023-05-23,False
1559218007,699,jonasBoss,2023-05-23,False
1560066205,710,littlesandra88,2023-05-23,False
1560889183,710,jonasBoss,2023-05-24,False
1561146703,710,littlesandra88,2023-05-24,False
1564055598,716,arlarzelere3,2023-05-26,False
1564235630,716,Lcchy,2023-05-26,False
1565723130,716,shawarden,2023-05-27,False
1565986205,709,sezanzeb,2023-05-28,False
1566500833,716,joaovitorpessoa,2023-05-29,False
1567422114,537,alxpl,2023-05-29,False
1567444180,719,sezanzeb,2023-05-29,False
1567444861,709,sezanzeb,2023-05-29,False
1567755665,537,bayazidbh,2023-05-30,False
1567862856,537,alxpl,2023-05-30,False
1570486025,526,Mte90,2023-05-31,False
1570551489,709,rffontenelle,2023-05-31,False
1570601387,526,herzenschein,2023-05-31,False
1570623997,526,CarlSchwan,2023-05-31,False
1570914048,716,Poldovico,2023-05-31,False
1570919465,720,sezanzeb,2023-05-31,False
1570922162,709,sezanzeb,2023-05-31,False
1570928325,709,rffontenelle,2023-05-31,False
1570949094,709,sezanzeb,2023-05-31,False
1570953270,709,sezanzeb,2023-05-31,False
1572915882,712,zany130,2023-06-01,False
1574404376,715,sezanzeb,2023-06-02,False
1574405487,705,sezanzeb,2023-06-02,False
1574406588,705,sezanzeb,2023-06-02,False
1574410304,702,sezanzeb,2023-06-02,False
1574802749,717,sezanzeb,2023-06-03,False
1575535884,682,M-Paulsen,2023-06-04,False
1577481146,682,KayTaneJupiter,2023-06-05,False
1578825574,691,jonasBoss,2023-06-06,False
1578849861,692,jonasBoss,2023-06-06,False
1578880764,692,plafourc,2023-06-06,False
1578884913,695,jonasBoss,2023-06-06,False
1578948355,682,jonasBoss,2023-06-06,False
1579033800,682,M-Paulsen,2023-06-06,False
1581823990,547,Thorinori,2023-06-08,False
1586011417,402,teslatankx,2023-06-11,False
1586061014,402,sezanzeb,2023-06-11,False
1586112086,723,Txordi00,2023-06-11,False
1586253387,710,ArchKoder,2023-06-11,False
1587906041,723,Shoxx98,2023-06-12,False
1590082061,523,hsantanna,2023-06-13,False
1594659907,728,jonasBoss,2023-06-16,False
1594669302,547,jonasBoss,2023-06-16,False
1595660761,709,sezanzeb,2023-06-17,False
1596227732,723,pintassilgo,2023-06-18,False
1600842808,537,bayazidbh,2023-06-21,False
1600890185,537,alxpl,2023-06-21,False
1603600041,537,bayazidbh,2023-06-23,False
1604468712,390,JProffitt71,2023-06-23,False
1604504671,727,sezanzeb,2023-06-23,False
1604505589,390,sezanzeb,2023-06-23,False
1605243691,727,NelsonSR,2023-06-24,False
1605301878,727,sezanzeb,2023-06-24,False
1605655807,721,sezanzeb,2023-06-24,False
1605656048,723,sezanzeb,2023-06-24,False
1605656474,723,sezanzeb,2023-06-24,False
1605678434,709,sezanzeb,2023-06-24,False
1605682868,723,Shoxx98,2023-06-24,False
1605729686,723,sezanzeb,2023-06-24,False
1605747709,723,pintassilgo,2023-06-24,False
1605753743,723,pintassilgo,2023-06-24,False
1605920740,723,sezanzeb,2023-06-25,False
1605923884,723,pintassilgo,2023-06-25,False
1605930158,723,sezanzeb,2023-06-25,False
1605930777,723,pintassilgo,2023-06-25,False
1605992305,723,Shoxx98,2023-06-25,False
1605998536,723,sezanzeb,2023-06-25,False
1606010754,723,sezanzeb,2023-06-25,False
1606017490,723,sezanzeb,2023-06-25,False
1606025985,723,pintassilgo,2023-06-25,False
1606048866,731,sezanzeb,2023-06-25,False
1606049251,714,sezanzeb,2023-06-25,False
1606518087,718,bdelwood,2023-06-26,False
1610009799,732,jonasBoss,2023-06-27,False
1610029018,733,jonasBoss,2023-06-27,False
1610390773,732,DefsNotQuack,2023-06-28,False
1610997792,732,jonasBoss,2023-06-28,False
1615106065,733,sabudum,2023-06-30,False
1615123913,733,sabudum,2023-06-30,False
1615966553,733,jonasBoss,2023-07-01,False
1616058596,733,sabudum,2023-07-01,False
1616551062,733,jonasBoss,2023-07-02,False
1618614337,733,sabudum,2023-07-03,False
1627710295,30,Bad3r,2023-07-09,False
1630383664,737,Lady-Fitzgerald,2023-07-11,False
1630718694,737,jonasBoss,2023-07-11,False
1631950984,736,gratejames,2023-07-12,False
1632674698,739,MESLewis,2023-07-12,False
1637294237,402,teslatankx,2023-07-17,False
1638470452,742,jonasBoss,2023-07-17,False
1646114686,402,sezanzeb,2023-07-21,False
1646118282,402,sezanzeb,2023-07-21,False
1646803107,744,triplemaya,2023-07-23,False
1663138982,620,jmoraispk,2023-08-03,False
1664160028,620,jmoraispk,2023-08-03,False
1664554482,620,jmoraispk,2023-08-03,False
1666467848,614,madmalkav,2023-08-05,False
1666873187,653,quazl,2023-08-06,False
1667440601,620,sezanzeb,2023-08-07,False
1669041024,662,cywm39,2023-08-08,False
1669845138,662,sezanzeb,2023-08-08,False
1669848000,429,sezanzeb,2023-08-08,False
1676007519,676,rome-legacy,2023-08-12,False
1676783648,703,KG-khangelani,2023-08-14,False
1681395027,402,teslatankx,2023-08-16,False
1681761739,402,sezanzeb,2023-08-17,False
1681770518,676,sezanzeb,2023-08-17,False
1681777015,695,sezanzeb,2023-08-17,False
1681778268,676,sezanzeb,2023-08-17,False
1681779634,662,sezanzeb,2023-08-17,False
1681781452,736,sezanzeb,2023-08-17,False
1681782900,429,sezanzeb,2023-08-17,False
1681790890,698,sezanzeb,2023-08-17,False
1681798669,689,sezanzeb,2023-08-17,False
1681809067,691,sezanzeb,2023-08-17,False
1681810257,699,sezanzeb,2023-08-17,False
1681815032,700,sezanzeb,2023-08-17,False
1681820581,701,sezanzeb,2023-08-17,False
1681825283,703,sezanzeb,2023-08-17,False
1681826381,703,sezanzeb,2023-08-17,False
1681832683,703,sezanzeb,2023-08-17,False
1681835127,707,sezanzeb,2023-08-17,False
1681836234,717,sezanzeb,2023-08-17,False
1681840172,752,sezanzeb,2023-08-17,False
1681853955,747,sezanzeb,2023-08-17,False
1681862157,746,sezanzeb,2023-08-17,False
1681873869,746,sezanzeb,2023-08-17,False
1682619725,752,altoryus,2023-08-17,False
1683021663,402,teslatankx,2023-08-17,False
1683225869,707,BarbzYHOOL,2023-08-18,False
1683653897,707,sezanzeb,2023-08-18,False
1683659945,402,sezanzeb,2023-08-18,False
1683662662,752,sezanzeb,2023-08-18,False
1683663377,752,sezanzeb,2023-08-18,False
1683682565,752,sezanzeb,2023-08-18,False
1684156935,752,altoryus,2023-08-18,False
1684864061,402,teslatankx,2023-08-19,False
1685546234,420,Eliza-and-black,2023-08-21,False
1685856489,703,Jackfritt,2023-08-21,False
1685865482,703,Jackfritt,2023-08-21,False
1685871801,703,Jackfritt,2023-08-21,False
1686505354,402,sezanzeb,2023-08-21,False
1686510248,420,sezanzeb,2023-08-21,False
1686517555,703,sezanzeb,2023-08-21,False
1686849662,402,teslatankx,2023-08-21,False
1686916489,402,sezanzeb,2023-08-21,False
1691337449,429,marcoleder,2023-08-24,False
1692631524,756,TherinS,2023-08-25,False
1694398111,733,sabudum,2023-08-26,False
1694607299,718,mr2c12,2023-08-27,False
1695207775,758,WitteShadovv,2023-08-28,False
1697847552,733,sabudum,2023-08-29,False
1698038359,758,montanajava,2023-08-29,False
1698051468,402,teslatankx,2023-08-29,False
1703125328,931,sezanzeb,2024-08-04,True
1703131415,931,sezanzeb,2024-08-04,True
1703132336,931,sezanzeb,2024-08-04,True
1703464573,931,jdoda,2024-08-05,True
1703465300,931,jdoda,2024-08-05,True
1710849000,766,mfauvain,2023-09-07,False
1712717612,931,sezanzeb,2024-08-10,True
1712718358,931,sezanzeb,2024-08-10,True
1712718464,931,sezanzeb,2024-08-10,True
1713810224,701,ArtCore13,2023-09-11,False
1721604805,769,Node815,2023-09-15,False
1721737178,15,M8850,2023-09-15,False
1722375321,769,7abc39bd7efb38,2023-09-17,False
1722405760,769,M8850,2023-09-17,False
1722484068,769,tchofy,2023-09-17,False
1722490244,769,jeandelafontaine18,2023-09-17,False
1722490658,769,jeandelafontaine18,2023-09-17,False
1722492937,769,tchofy,2023-09-17,False
1722493473,769,Delta-in-hub,2023-09-17,False
1722493823,769,jeandelafontaine18,2023-09-17,False
1722630022,769,7abc39bd7efb38,2023-09-18,False
1722671866,769,Lancaban,2023-09-18,False
1722898896,769,kjozsa,2023-09-18,False
1722955733,772,hensansi,2023-09-18,False
1722999356,769,Lancaban,2023-09-18,False
1723283224,769,LumenYoung,2023-09-18,False
1723288010,769,kjozsa,2023-09-18,False
1723292912,769,LumenYoung,2023-09-18,False
1723293703,769,ChonkaLoo,2023-09-18,False
1723296740,769,LumenYoung,2023-09-18,False
1723685305,772,HerXtheSlayer,2023-09-18,False
1723926290,772,WyvernDotRed,2023-09-18,False
1724197570,769,stasadev,2023-09-18,False
1724216689,769,stasadev,2023-09-18,False
1724483329,773,sezanzeb,2023-09-18,False
1724486086,773,sezanzeb,2023-09-18,False
1724911732,772,sezanzeb,2023-09-19,False
1726232172,737,M8850,2023-09-19,False
1726337453,769,JurgenCruz,2023-09-19,False
1726345195,769,stasadev,2023-09-19,False
1726991013,769,pythcoiner,2023-09-20,False
1727208928,773,bserem,2023-09-20,False
1727663766,774,Felixoid,2023-09-20,False
1728517024,774,Yejashi,2023-09-20,False
1728560325,774,r04dw4rri0r,2023-09-20,False
1731305020,774,Dmonus,2023-09-22,False
1737098918,753,hanzale,2023-09-27,False
1740810914,774,r04dw4rri0r,2023-09-29,False
1741835923,774,Yejashi,2023-09-30,False
1747668744,781,AccaGihu,2023-10-04,False
1757829331,785,sezanzeb,2023-10-11,False
1757834627,783,sezanzeb,2023-10-11,False
1757838174,780,sezanzeb,2023-10-11,False
1757846467,779,sezanzeb,2023-10-11,False
1757847912,778,sezanzeb,2023-10-11,False
1757850764,777,sezanzeb,2023-10-11,False
1757855490,778,ghost,2023-10-11,False
1757857074,775,sezanzeb,2023-10-11,False
1757861497,771,sezanzeb,2023-10-11,False
1757865702,768,sezanzeb,2023-10-11,False
1757866899,767,sezanzeb,2023-10-11,False
1757873937,764,sezanzeb,2023-10-11,False
1757890954,763,sezanzeb,2023-10-11,False
1757899899,761,sezanzeb,2023-10-11,False
1757900791,761,sezanzeb,2023-10-11,False
1757905591,766,sezanzeb,2023-10-11,False
1757907096,756,sezanzeb,2023-10-11,False
1757908643,756,sezanzeb,2023-10-11,False
1757912374,755,sezanzeb,2023-10-11,False
1757916894,747,sezanzeb,2023-10-11,False
1757943118,779,musicinmybrain,2023-10-11,False
1758034522,780,F2FG,2023-10-11,False
1758178507,779,sezanzeb,2023-10-11,False
1758179101,780,sezanzeb,2023-10-11,False
1758180003,780,sezanzeb,2023-10-11,False
1758607158,775,1094,2023-10-11,False
1758711494,766,mfauvain,2023-10-11,False
1760029137,775,sezanzeb,2023-10-12,False
1760061524,771,sabudum,2023-10-12,False
1760064283,771,sezanzeb,2023-10-12,False
1760084643,771,sabudum,2023-10-12,False
1760405026,775,1094,2023-10-12,False
1762211670,783,RodrigoA-Fernandez,2023-10-13,False
1762707115,783,sezanzeb,2023-10-14,False
1766174614,780,F2FG,2023-10-17,False
1766749019,780,sezanzeb,2023-10-17,False
1766766062,780,F2FG,2023-10-17,False
1767695126,753,mdismail-cse,2023-10-18,False
1771315894,753,docop,2023-10-19,False
1772030145,956,sezanzeb,2024-09-23,True
1779462602,960,github-actions[bot],2024-09-28,True
1779738573,960,sezanzeb,2024-09-28,True
1779738647,960,sezanzeb,2024-09-28,True
1779738704,960,sezanzeb,2024-09-28,True
1783611802,960,github-actions[bot],2024-10-01,True
1783611806,960,github-actions[bot],2024-10-01,True
1783611809,960,github-actions[bot],2024-10-01,True
1783611811,960,github-actions[bot],2024-10-01,True
1783611813,960,github-actions[bot],2024-10-01,True
1783611814,960,github-actions[bot],2024-10-01,True
1783611815,960,github-actions[bot],2024-10-01,True
1783611817,960,github-actions[bot],2024-10-01,True
1783611819,960,github-actions[bot],2024-10-01,True
1783611820,960,github-actions[bot],2024-10-01,True
1783611821,960,github-actions[bot],2024-10-01,True
1783611823,960,github-actions[bot],2024-10-01,True
1783611826,960,github-actions[bot],2024-10-01,True
1783611829,960,github-actions[bot],2024-10-01,True
1783611830,960,github-actions[bot],2024-10-01,True
1783611833,960,github-actions[bot],2024-10-01,True
1789235707,967,sezanzeb,2024-10-06,True
1789244790,967,sezanzeb,2024-10-06,True
1789539681,967,shawarden,2024-10-07,True
1790466426,967,sezanzeb,2024-10-07,True
1790623005,796,sezanzeb,2023-11-02,False
1790992979,967,shawarden,2024-10-07,True
1792238381,800,jonasBoss,2023-11-03,False
1792258855,800,tai-mai,2023-11-03,False
1792361433,800,jonasBoss,2023-11-03,False
1792389099,800,jonasBoss,2023-11-03,False
1792416677,800,jonasBoss,2023-11-03,False
1792425469,798,jonasBoss,2023-11-03,False
1792435177,745,jonasBoss,2023-11-03,False
1792438598,767,jonasBoss,2023-11-03,False
1792454013,967,sezanzeb,2024-10-08,True
1792461790,794,jonasBoss,2023-11-03,False
1792532818,967,shawarden,2024-10-08,True
1792546605,796,sezanzeb,2023-11-03,False
1792929536,800,tai-mai,2023-11-03,False
1793374689,801,ghost,2023-11-04,False
1793463564,790,daveschz,2023-11-04,False
1793505725,798,RickAndTired,2023-11-04,False
1793686372,796,sezanzeb,2023-11-05,False
1793692338,766,sezanzeb,2023-11-05,False
1793693721,753,sezanzeb,2023-11-05,False
1793694278,795,sezanzeb,2023-11-05,False
1793694902,786,sezanzeb,2023-11-05,False
1793695818,792,sezanzeb,2023-11-05,False
1793696142,790,sezanzeb,2023-11-05,False
1793697391,787,sezanzeb,2023-11-05,False
1793697747,787,sezanzeb,2023-11-05,False
1793698203,685,sezanzeb,2023-11-05,False
1793698366,727,sezanzeb,2023-11-05,False
1794484121,798,jonasBoss,2023-11-06,False
1795934388,967,sezanzeb,2024-10-10,True
1795956097,967,sezanzeb,2024-10-10,True
1795956293,967,sezanzeb,2024-10-10,True
1796154481,967,shawarden,2024-10-10,True
1796879465,802,sezanzeb,2023-11-06,False
1796930968,802,sezanzeb,2023-11-06,False
1797740025,973,sezanzeb,2024-10-12,True
1797740099,973,sezanzeb,2024-10-12,True
1797740608,973,sezanzeb,2024-10-12,True
1797843413,802,jcgaming-official,2023-11-07,False
1797846280,802,jcgaming-official,2023-11-07,False
1798010977,802,sezanzeb,2023-11-07,False
1798149597,803,sezanzeb,2023-11-07,False
1798211997,802,jcgaming-official,2023-11-07,False
1798354440,802,sezanzeb,2023-11-07,False
1798465854,803,itsDevBlaze,2023-11-07,False
1798796391,973,KAGEYAM4,2024-10-14,True
1798879388,973,sezanzeb,2024-10-14,True
1800967782,766,KWWPiDev,2023-11-08,False
1801715620,766,mfauvain,2023-11-08,False
1801918207,795,hollisticated-horse,2023-11-08,False
1802319999,766,sezanzeb,2023-11-08,False
1803312381,960,jonasBoss,2024-10-16,True
1803463236,766,sezanzeb,2023-11-09,False
1803730018,974,github-actions[bot],2024-10-16,True
1803730026,974,github-actions[bot],2024-10-16,True
1803813818,965,jonasBoss,2024-10-16,True
1803816558,965,jonasBoss,2024-10-16,True
1803819642,965,jonasBoss,2024-10-16,True
1804818351,766,mfauvain,2023-11-09,False
1805113101,965,sezanzeb,2024-10-17,True
1805382855,967,sezanzeb,2024-10-17,True
1806553958,965,jonasBoss,2024-10-18,True
1806795726,766,sezanzeb,2023-11-11,False
1806796319,805,sezanzeb,2023-11-11,False
1806797121,788,sezanzeb,2023-11-11,False
1806798764,526,sezanzeb,2023-11-11,False
1806805496,766,mfauvain,2023-11-11,False
1806811494,766,sezanzeb,2023-11-11,False
1806818929,766,mfauvain,2023-11-11,False
1806887456,805,RickAndTired,2023-11-11,False
1806900355,789,Merrit,2023-11-11,False
1806904475,770,LunNova,2023-11-11,False
1807163737,766,sezanzeb,2023-11-12,False
1807193245,766,mfauvain,2023-11-12,False
1807200623,766,sezanzeb,2023-11-12,False
1807203244,789,Merrit,2023-11-12,False
1807208985,789,Strykar,2023-11-12,False
1807210436,766,mfauvain,2023-11-12,False
1807222587,789,Merrit,2023-11-12,False
1807249946,807,sezanzeb,2023-11-12,False
1807264311,766,sezanzeb,2023-11-12,False
1807307936,965,sezanzeb,2024-10-19,True
1808223905,967,shawarden,2024-10-21,True
1808238221,967,shawarden,2024-10-21,True
1809119433,967,sezanzeb,2024-10-21,True
1809123959,967,sezanzeb,2024-10-21,True
1809128130,967,sezanzeb,2024-10-21,True
1809779554,967,shawarden,2024-10-22,True
1812751421,967,sezanzeb,2024-10-23,True
1813760390,664,bayazidbh,2023-11-16,False
1817098028,808,Kalidibus,2023-11-17,False
1817125649,808,Kalidibus,2023-11-17,False
1817258911,766,KWWPiDev,2023-11-17,False
1817487565,664,sezanzeb,2023-11-18,False
1817840397,809,sezanzeb,2023-11-19,False
1818171554,31,bayazidbh,2023-11-20,False
1821545621,766,KWWPiDev,2023-11-21,False
1821748378,766,sezanzeb,2023-11-21,False
1822765682,766,KWWPiDev,2023-11-22,False
1822928486,776,ThomasDeLange,2023-11-22,False
1823196811,358,asbestosbill,2023-11-22,False
1823214846,358,asbestosbill,2023-11-22,False
1826884323,739,Flashwalker,2023-11-26,False
1829911214,1000,github-actions[bot],2024-11-05,True
1829911220,1000,github-actions[bot],2024-11-05,True
1837258501,816,ideoda,2023-12-02,False
1837787284,804,Xuerian,2023-12-04,False
1844308179,802,jcgaming-official,2023-12-07,False
1848453097,390,mabequinho,2023-12-09,False
1848591442,390,mabequinho,2023-12-09,False
1849017709,788,brussli1,2023-12-10,False
1853947622,821,bybor,2023-12-13,False
1854028838,821,jeniksv,2023-12-13,False
1854215742,821,bybor,2023-12-13,False
1858949272,823,Sweeper5,2023-12-16,False
1862711843,663,bphenriques,2023-12-19,False
1862722280,653,bphenriques,2023-12-19,False
1872628033,820,rodrigoreyes79,2023-12-30,False
1872673450,828,Xuerian,2023-12-31,False
1872934128,820,dmersiowsky,2023-12-31,False
1873545275,402,teslatankx,2024-01-02,False
1873703304,729,htgar,2024-01-02,False
1873707225,825,htgar,2024-01-02,False
1873710189,826,htgar,2024-01-02,False
1874159615,825,Crylia,2024-01-02,False
1879155912,826,waddyhussain,2024-01-05,False
1879584191,814,Flashwalker,2024-01-06,False
1881465800,820,samuelborn,2024-01-08,False
1886603294,828,Xuerian,2024-01-11,False
1890367125,828,Xuerian,2024-01-13,False
1906021852,837,graylion,2024-01-23,False
1907856740,390,Pictor13,2024-01-24,False
1913115831,841,sezanzeb,2024-01-27,False
1913335579,835,TherinS,2024-01-27,False
1913571057,500,blob42,2024-01-28,False
1919427529,842,NewtSoup,2024-01-31,False
1925655789,840,nhattran998,2024-02-04,False
1925848797,840,guettli,2024-02-04,False
1933085720,846,kopach,2024-02-07,False
1934188811,846,jonasBoss,2024-02-08,False
1934201474,846,jonasBoss,2024-02-08,False
1934222204,831,jonasBoss,2024-02-08,False
1934631520,846,kopach,2024-02-08,False
1934692552,847,gybo03,2024-02-08,False
1934820327,831,RickAndTired,2024-02-08,False
1934936042,846,kopach,2024-02-08,False
1934944185,831,jonasBoss,2024-02-08,False
1935377318,831,RickAndTired,2024-02-09,False
1937111259,847,gybo03,2024-02-10,False
1937374839,848,Tatsh,2024-02-11,False
1940670107,846,kopach,2024-02-13,False
1941619539,839,adrian-gralak95,2024-02-13,False
1944313468,358,andreamerello,2024-02-14,False
1949644296,849,kniftar,2024-02-17,False
1953035375,823,ahktenzero,2024-02-19,False
1955192500,790,lordkitsuna,2024-02-20,False
1961421836,851,ApoEngine,2024-02-23,False
1961451546,582,twigsdw,2024-02-23,False
1962287517,848,gybo03,2024-02-24,False
1964417080,853,sezanzeb,2024-02-26,False
1969855629,1068,github-actions[bot],2025-02-25,True
1969855639,1068,github-actions[bot],2025-02-25,True
1969855654,1068,github-actions[bot],2025-02-25,True
1971096078,1068,github-actions[bot],2025-02-26,True
1971096082,1068,github-actions[bot],2025-02-26,True
1971096083,1068,github-actions[bot],2025-02-26,True
1971096085,1068,github-actions[bot],2025-02-26,True
1971096087,1068,github-actions[bot],2025-02-26,True
1973207728,854,drozd2000,2024-03-01,False
1975283021,831,ddziech,2024-03-03,False
1975323194,831,RickAndTired,2024-03-03,False
1975369284,547,RickAndTired,2024-03-03,False
1981594136,858,danielkr123,2024-03-06,False
1988711683,860,Shoxx98,2024-03-11,False
1998494766,819,thecodygriffin,2024-03-14,False
2002422124,682,wyatt-herkamp,2024-03-17,False
2012973990,815,christopherseaman,2024-03-21,False
2020344675,863,TheSpaceSheep,2024-03-26,False
2021007426,815,christopherseaman,2024-03-26,False
2026082010,857,christopherseaman,2024-03-28,False
2026082717,820,christopherseaman,2024-03-28,False
2026100430,858,christopherseaman,2024-03-28,False
2026111043,857,ai,2024-03-28,False
2026315467,868,shawarden,2024-03-28,False
2026415264,859,shawarden,2024-03-29,False
2026770615,859,shawarden,2024-03-29,False
2026863699,857,christopherseaman,2024-03-29,False
2027660154,857,ai,2024-03-29,False
2029464419,415,sojusnik,2024-04-01,False
2035182502,351,pauliuszaleckas,2024-04-03,False
2041146214,823,ahktenzero,2024-04-06,False
2053885356,829,3-w-c,2024-04-14,False
2054152146,710,FeralBytes,2024-04-14,False
2060814500,856,QueenCityNerd,2024-04-17,False
2066829581,663,Myrkskog,2024-04-19,False
2066973585,663,bphenriques,2024-04-19,False
2066983568,663,Myrkskog,2024-04-19,False
2067696435,857,ai,2024-04-20,False
2068772657,663,bphenriques,2024-04-22,False
2070274355,823,emersonrp,2024-04-22,False
2083185408,839,audreylandgrave,2024-04-29,False
2083741606,839,adrian-gralak95,2024-04-29,False
2083826089,873,teslatankx,2024-04-29,False
2085397971,882,OfficialRenny,2024-04-30,False
2085421085,882,daniloraisi,2024-04-30,False
2088208157,879,Hew-ux,2024-05-01,False
2093921813,833,Moanrisy,2024-05-04,False
2093940317,884,Moanrisy,2024-05-04,False
2104230620,888,rbits0,2024-05-10,False
2108095893,878,ItsCubeTime,2024-05-13,False
2110442459,886,All3xJ,2024-05-14,False
2110944944,891,midigark,2024-05-14,False
2111563853,891,midigark,2024-05-15,False
2111577829,891,midigark,2024-05-15,False
2116685253,854,RedSnt,2024-05-17,False
2123560402,895,Virass,2024-05-21,False
2124712973,895,alexisju,2024-05-22,False
2125746589,895,leonardofmoura,2024-05-22,False
2127705322,895,nicfontaine,2024-05-23,False
2129736069,895,Pablokiryu,2024-05-24,False
2134421527,901,jonstump,2024-05-28,False
2134950050,351,richardm1,2024-05-28,False
2135858042,899,jonstump,2024-05-28,False
2147578551,888,rbits0,2024-06-04,False
2148636087,902,jvadair,2024-06-05,False
2151898979,870,GitSparTV,2024-06-06,False
2153269111,903,v3ai,2024-06-06,False
2153356153,874,maddinpsy,2024-06-06,False
2153446496,794,maddinpsy,2024-06-06,False
2155761735,833,simple-coderxx,2024-06-08,False
2155764514,833,Moanrisy,2024-06-08,False
2171030892,691,FinnWoelm,2024-06-16,False
2171778047,909,sabudum,2024-06-16,False
2172868043,665,edofe99,2024-06-17,False
2173729642,895,ghost,2024-06-17,False
2183979906,911,jonasBoss,2024-06-22,False
2184031211,853,jonasBoss,2024-06-22,False
2184988863,853,edofe99,2024-06-23,False
2184988917,913,edofe99,2024-06-23,False
2185320582,902,6630507,2024-06-23,False
2185761830,911,alfem,2024-06-24,False
2186490573,853,sezanzeb,2024-06-24,False
2189500040,902,jvadair,2024-06-25,False
2190150951,895,archerindigo,2024-06-25,False
2191500112,913,negora,2024-06-26,False
2191641312,895,archerindigo,2024-06-26,False
2191715426,913,edofe99,2024-06-26,False
2210276148,878,BloomingCactus,2024-07-05,False
2212383664,918,jonasBoss,2024-07-07,False
2212387379,917,jonasBoss,2024-07-07,False
2212895511,900,The-Darumonkey,2024-07-08,False
2215591778,859,shawarden,2024-07-09,False
2216799578,895,Axilotl17,2024-07-09,False
2224679401,875,Lep19,2024-07-12,False
2226836186,921,johnclark-ops,2024-07-13,False
2226906196,921,johnclark-ops,2024-07-13,False
2227253716,886,stephannn,2024-07-14,False
2241241680,875,Twig6943,2024-07-20,False
2241729573,886,rootusercisco,2024-07-21,False
2242053266,905,deftdawg,2024-07-22,False
2247719021,192,ECO1AI,2024-07-24,False
2257427252,929,beauduperry,2024-07-30,False
2263742668,902,rochacbruno,2024-08-01,False
2266241251,926,terminalpain,2024-08-02,False
2267361503,927,eobet,2024-08-04,False
2267365441,879,eobet,2024-08-04,False
2267470107,931,sezanzeb,2024-08-04,False
2268053103,931,jdoda,2024-08-05,False
2268377055,926,Namlev1,2024-08-05,False
2268740316,926,terminalpain,2024-08-05,False
2270665602,926,Namlev1,2024-08-06,False
2272206132,931,sezanzeb,2024-08-06,False
2272931723,926,Namlev1,2024-08-07,False
2274139435,905,aspauldingcode,2024-08-07,False
2277070658,935,RedSnt,2024-08-09,False
2279629511,939,Chalsean,2024-08-10,False
2280424787,935,eobet,2024-08-10,False
2282635471,935,RedSnt,2024-08-11,False
2282658023,929,Flashwalker,2024-08-11,False
2282867588,935,eobet,2024-08-11,False
2284975208,936,TherinS,2024-08-12,False
2284997505,933,TherinS,2024-08-12,False
2285017536,922,TherinS,2024-08-12,False
2285020217,918,TherinS,2024-08-12,False
2285021298,917,TherinS,2024-08-12,False
2285023188,904,TherinS,2024-08-12,False
2285027388,902,TherinS,2024-08-12,False
2286223731,917,NGSpace,2024-08-13,False
2291971769,922,johnclark-ops,2024-08-15,False
2295417849,402,teslatankx,2024-08-18,False
2303529530,922,TherinS,2024-08-22,False
2303539920,869,TherinS,2024-08-22,False
2303556799,865,TherinS,2024-08-22,False
2304144993,869,pH142857,2024-08-22,False
2306798288,922,johnclark-ops,2024-08-23,False
2323220663,874,oleasteo,2024-09-01,False
2328430054,949,ocouch,2024-09-04,False
2339534140,879,teslatankx,2024-09-10,False
2339542570,402,teslatankx,2024-09-10,False
2339543414,390,teslatankx,2024-09-10,False
2344377986,929,TuTiuTe,2024-09-11,False
2344430258,929,TuTiuTe,2024-09-11,False
2345259753,929,a9udn9u,2024-09-12,False
2346528094,390,mabequinho,2024-09-12,False
2351328942,879,Hew-ux,2024-09-15,False
2359438648,955,jonasBoss,2024-09-18,False
2359891315,955,StelardActek,2024-09-19,False
2362256992,956,sezanzeb,2024-09-19,False
2363843468,956,StelardActek,2024-09-20,False
2369259776,943,muff11n,2024-09-23,False
2369307107,956,sezanzeb,2024-09-23,False
2369321785,959,sezanzeb,2024-09-23,False
2374238590,956,jonasBoss,2024-09-25,False
2375539086,958,TherinS,2024-09-26,False
2375705839,952,TherinS,2024-09-26,False
2377621495,351,sezanzeb,2024-09-26,False
2377872611,351,pourmand1376,2024-09-26,False
2380603293,956,sezanzeb,2024-09-28,False
2380855471,390,teslatankx,2024-09-28,False
2380860034,454,viscountexx,2024-09-28,False
2386071492,962,mdpenguin,2024-10-01,False
2386194077,956,sezanzeb,2024-10-01,False
2386419517,874,jonasBoss,2024-10-01,False
2386448994,454,jonasBoss,2024-10-01,False
2387318781,874,oleasteo,2024-10-02,False
2388025971,960,sezanzeb,2024-10-02,False
2388139804,960,sezanzeb,2024-10-02,False
2388538271,960,sezanzeb,2024-10-02,False
2389477258,906,jonasfrey,2024-10-02,False
2389580244,750,fero-sk,2024-10-02,False
2389984347,895,nicfontaine,2024-10-02,False
2391828788,964,sezanzeb,2024-10-03,False
2392161180,895,pauloday,2024-10-03,False
2392341257,437,ebakosci,2024-10-03,False
2393147200,437,jonasBoss,2024-10-04,False
2393916999,437,ebakosci,2024-10-04,False
2393945003,437,ebakosci,2024-10-04,False
2394984723,966,sezanzeb,2024-10-05,False
2395061771,437,ebakosci,2024-10-05,False
2395164350,874,Cash-coder,2024-10-05,False
2395388433,915,amigthea,2024-10-06,False
2404414100,437,jonasBoss,2024-10-10,False
2405336272,969,jonasBoss,2024-10-10,False
2406025629,969,nelson777,2024-10-10,False
2406106315,969,jonasBoss,2024-10-10,False
2406320362,969,nelson777,2024-10-11,False
2408289989,813,KAGEYAM4,2024-10-12,False
2408474901,970,jonasBoss,2024-10-12,False
2408536232,970,jonasBoss,2024-10-12,False
2408538070,972,jonasBoss,2024-10-12,False
2408539859,972,KAGEYAM4,2024-10-12,False
2409174417,970,nelson777,2024-10-13,False
2411959041,960,sezanzeb,2024-10-14,False
2412040791,960,jonasBoss,2024-10-14,False
2415259268,949,shawarden,2024-10-15,False
2417690224,970,jonasBoss,2024-10-16,False
2417773683,970,nelson777,2024-10-16,False
2417825102,965,sezanzeb,2024-10-16,False
2417845251,965,jonasBoss,2024-10-16,False
2417850223,965,sezanzeb,2024-10-16,False
2417865286,965,jonasBoss,2024-10-16,False
2417953745,965,jonasBoss,2024-10-16,False
2417959482,965,sezanzeb,2024-10-16,False
2417960020,965,sezanzeb,2024-10-16,False
2420031062,965,sezanzeb,2024-10-17,False
2420091502,965,sezanzeb,2024-10-17,False
2422905297,976,broccoliiiiiii,2024-10-18,False
2423799552,964,sezanzeb,2024-10-19,False
2424051138,976,sezanzeb,2024-10-19,False
2424051899,977,sezanzeb,2024-10-19,False
2424052222,976,sezanzeb,2024-10-19,False
2424054234,976,sezanzeb,2024-10-19,False
2424085794,977,lumorin,2024-10-19,False
2424138613,977,sezanzeb,2024-10-19,False
2424149002,977,lumorin,2024-10-19,False
2424195005,977,sezanzeb,2024-10-19,False
2424210750,977,lumorin,2024-10-19,False
2424247870,977,sezanzeb,2024-10-19,False
2424290210,976,broccoliiiiiii,2024-10-19,False
2424431604,977,lumorin,2024-10-20,False
2424693535,976,sezanzeb,2024-10-20,False
2425046078,959,sezanzeb,2024-10-20,False
2425102174,977,sezanzeb,2024-10-20,False
2425103117,977,sezanzeb,2024-10-20,False
2425401887,976,broccoliiiiiii,2024-10-21,False
2425831687,976,sezanzeb,2024-10-21,False
2427979797,976,broccoliiiiiii,2024-10-22,False
2431349223,982,sezanzeb,2024-10-23,False
2433136490,982,sezanzeb,2024-10-23,False
2438815299,967,sezanzeb,2024-10-25,False
2438868238,984,sezanzeb,2024-10-25,False
2438870845,983,sezanzeb,2024-10-25,False
2438876934,965,sezanzeb,2024-10-25,False
2438881795,965,sezanzeb,2024-10-25,False
2439441119,977,sezanzeb,2024-10-26,False
2439992305,988,sezanzeb,2024-10-27,False
2439994850,988,sezanzeb,2024-10-27,False
2440139061,977,sezanzeb,2024-10-27,False
2440145718,988,mprytoluk,2024-10-27,False
2440146297,988,sezanzeb,2024-10-27,False
2440146819,988,sezanzeb,2024-10-27,False
2441952946,929,Flashwalker,2024-10-28,False
2442208062,1183,sezanzeb,2025-10-18,True
2442468084,1183,Renari,2025-10-18,True
2442470691,895,sezanzeb,2024-10-28,False
2443235393,1183,sezanzeb,2025-10-19,True
2443361207,1186,sezanzeb,2025-10-19,True
2444880540,934,cwitting,2024-10-29,False
2444992547,994,cwitting,2024-10-29,False
2445011603,994,cwitting,2024-10-29,False
2445026070,994,cwitting,2024-10-29,False
2455154842,996,sezanzeb,2024-11-04,False
2456760680,996,sezanzeb,2024-11-05,False
2456774335,996,sezanzeb,2024-11-05,False
2456818007,996,sezanzeb,2024-11-05,False
2458014832,999,sezanzeb,2024-11-05,False
2458016227,996,sezanzeb,2024-11-05,False
2460564600,994,cwitting,2024-11-06,False
2466246939,590,niedzielski,2024-11-09,False
2471254586,996,Cash-coder,2024-11-12,False
2473951990,996,sezanzeb,2024-11-13,False
2479627564,996,Cash-coder,2024-11-15,False
2480530952,1005,sezanzeb,2024-11-16,False
2483795816,1197,github-actions[bot],2025-11-01,True
2483795817,1197,github-actions[bot],2025-11-01,True
2483795820,1197,github-actions[bot],2025-11-01,True
2483795821,1197,github-actions[bot],2025-11-01,True
2483795822,1197,github-actions[bot],2025-11-01,True
2483795823,1197,github-actions[bot],2025-11-01,True
2483795824,1197,github-actions[bot],2025-11-01,True
2483795826,1197,github-actions[bot],2025-11-01,True
2491645214,1009,sezanzeb,2024-11-21,False
2491857708,1009,noyannus,2024-11-21,False
2496306572,860,Shoxx98,2024-11-24,False
2496442598,902,cameronaw13,2024-11-25,False
2496548264,860,teslatankx,2024-11-25,False
2501616193,858,ICH88,2024-11-26,False
2501659326,858,ICH88,2024-11-26,False
2501812731,935,trharmon0,2024-11-26,False
2504299006,1003,sezanzeb,2024-11-27,False
2507114131,929,beauduperry,2024-11-29,False
2507983223,1201,github-actions[bot],2025-11-09,True
2507983224,1201,github-actions[bot],2025-11-09,True
2507983225,1201,github-actions[bot],2025-11-09,True
2507983226,1201,github-actions[bot],2025-11-09,True
2507983228,1201,github-actions[bot],2025-11-09,True
2507983229,1201,github-actions[bot],2025-11-09,True
2507983230,1201,github-actions[bot],2025-11-09,True
2507983232,1201,github-actions[bot],2025-11-09,True
2507983234,1201,github-actions[bot],2025-11-09,True
2507983236,1201,github-actions[bot],2025-11-09,True
2507983239,1201,github-actions[bot],2025-11-09,True
2507983241,1201,github-actions[bot],2025-11-09,True
2507983242,1201,github-actions[bot],2025-11-09,True
2507983245,1201,github-actions[bot],2025-11-09,True
2507983246,1201,github-actions[bot],2025-11-09,True
2507983248,1201,github-actions[bot],2025-11-09,True
2507983249,1201,github-actions[bot],2025-11-09,True
2507983251,1201,github-actions[bot],2025-11-09,True
2507983254,1201,github-actions[bot],2025-11-09,True
2508843859,878,bai-yi-bai,2024-11-30,False
2510443773,902,TherinS,2024-12-02,False
2521258527,873,monikakuchen,2024-12-05,False
2523115868,1011,sezanzeb,2024-12-06,False
2523414609,1011,jeisom,2024-12-06,False
2526223850,996,sezanzeb,2024-12-08,False
2532973478,1013,WyvernDotRed,2024-12-10,False
2532987925,924,WyvernDotRed,2024-12-10,False
2533372605,1013,wheat32,2024-12-11,False
2534315076,1014,Rosenblack,2024-12-11,False
2535994879,1013,WyvernDotRed,2024-12-11,False
2536004017,1014,WyvernDotRed,2024-12-11,False
2536734938,1013,amot-dev,2024-12-11,False
2537348557,1013,wheat32,2024-12-11,False
2537491865,1014,maxiixam,2024-12-12,False
2538688004,1013,WyvernDotRed,2024-12-12,False
2538700282,1014,WyvernDotRed,2024-12-12,False
2541626608,1015,sezanzeb,2024-12-13,False
2541640705,1016,sezanzeb,2024-12-13,False
2542271332,1016,WyvernDotRed,2024-12-13,False
2542391867,1016,Aqua1ung,2024-12-13,False
2542467618,1016,WyvernDotRed,2024-12-13,False
2545931304,1018,hanggrian,2024-12-16,False
2546082468,1017,sezanzeb,2024-12-16,False
2549131561,1017,hanggrian,2024-12-17,False
2556363323,858,jxu,2024-12-20,False
2558550142,879,timotheehusquinet,2024-12-22,False
2559239695,1016,nuggex,2024-12-23,False
2559343377,1016,nuggex,2024-12-23,False
2560140991,1016,WyvernDotRed,2024-12-23,False
2560166584,1021,WyvernDotRed,2024-12-23,False
2560175126,1016,WyvernDotRed,2024-12-23,False
2560231155,1016,Aqua1ung,2024-12-23,False
2560409311,1016,WyvernDotRed,2024-12-23,False
2560420294,1021,sezanzeb,2024-12-23,False
2560420777,1021,sezanzeb,2024-12-23,False
2560439736,1021,WyvernDotRed,2024-12-23,False
2560999502,1021,WyvernDotRed,2024-12-24,False
2561140353,1021,maxiixam,2024-12-24,False
2561345064,1021,Mola7Wika,2024-12-24,False
2561835763,1022,sezanzeb,2024-12-25,False
2561940309,1021,WyvernDotRed,2024-12-25,False
2561984142,1022,user529481,2024-12-25,False
2563095371,1022,Zoldronesk,2024-12-26,False
2563607309,1022,sezanzeb,2024-12-27,False
2563614903,1022,sezanzeb,2024-12-27,False
2563647427,1022,Zoldronesk,2024-12-27,False
2563650375,1022,sezanzeb,2024-12-27,False
2564079354,1022,user529481,2024-12-27,False
2564151823,879,hungvvu,2024-12-28,False
2564323349,1022,sezanzeb,2024-12-28,False
2564385527,875,Faalagorn,2024-12-28,False
2564389391,875,Lep19,2024-12-28,False
2564456182,875,Faalagorn,2024-12-28,False
2564458452,875,Twig6943,2024-12-28,False
2564518217,875,Lep19,2024-12-28,False
2564810184,958,sezanzeb,2024-12-29,False
2564812304,813,sezanzeb,2024-12-29,False
2564813616,958,sezanzeb,2024-12-29,False
2564814878,958,sezanzeb,2024-12-29,False
2564815750,946,sezanzeb,2024-12-29,False
2565237704,1026,sezanzeb,2024-12-30,False
2565238453,1026,sezanzeb,2024-12-30,False
2565371289,1026,francois1234284,2024-12-30,False
2565375470,1026,sezanzeb,2024-12-30,False
2565392406,1026,francois1234284,2024-12-30,False
2565399853,1026,sezanzeb,2024-12-30,False
2565407113,1026,francois1234284,2024-12-30,False
2565410108,1026,sezanzeb,2024-12-30,False
2565413203,1026,francois1234284,2024-12-30,False
2565414230,1026,francois1234284,2024-12-30,False
2565414492,1027,sezanzeb,2024-12-30,False
2565416326,1026,francois1234284,2024-12-30,False
2565421445,1026,francois1234284,2024-12-30,False
2565426762,1026,sezanzeb,2024-12-30,False
2565431752,1026,sezanzeb,2024-12-30,False
2565434734,1026,sezanzeb,2024-12-30,False
2565435772,1027,skitt,2024-12-30,False
2565436791,1026,francois1234284,2024-12-30,False
2565441581,1027,sezanzeb,2024-12-30,False
2566845228,1026,francois1234284,2025-01-01,False
2566845816,1026,francois1234284,2025-01-01,False
2566859375,1026,francois1234284,2025-01-01,False
2566861845,1026,francois1234284,2025-01-01,False
2566922261,1026,francois1234284,2025-01-01,False
2566948130,1026,francois1234284,2025-01-01,False
2567022416,1026,francois1234284,2025-01-01,False
2567035974,941,sezanzeb,2025-01-01,False
2567036847,941,sezanzeb,2025-01-01,False
2567050477,1029,sezanzeb,2025-01-01,False
2567051475,1028,sezanzeb,2025-01-01,False
2567067444,1026,sezanzeb,2025-01-01,False
2567067876,1026,sezanzeb,2025-01-01,False
2567151405,1016,WyvernDotRed,2025-01-01,False
2567192995,1016,Aqua1ung,2025-01-02,False
2567207547,1022,alangomezhuerta,2025-01-02,False
2567367755,1026,francois1234284,2025-01-02,False
2567625681,1026,sezanzeb,2025-01-02,False
2567629582,1022,sezanzeb,2025-01-02,False
2568610379,1029,jdoda,2025-01-03,False
2569123436,1029,sezanzeb,2025-01-03,False
2569389063,1026,francois1234284,2025-01-03,False
2569563070,1031,sezanzeb,2025-01-03,False
2569565920,1031,sezanzeb,2025-01-03,False
2569857798,984,celeborne,2025-01-03,False
2571390029,1031,noyannus,2025-01-04,False
2571454402,1031,sezanzeb,2025-01-05,False
2571454786,1031,sezanzeb,2025-01-05,False
2571455103,1031,sezanzeb,2025-01-05,False
2571676176,1031,noyannus,2025-01-05,False
2574478716,1026,francois1234284,2025-01-07,False
2585045624,946,rtroberts,2025-01-11,False
2585656784,941,sezanzeb,2025-01-12,False
2586420146,1035,The-Darumonkey,2025-01-13,False
2597739102,1037,sezanzeb,2025-01-17,False
2598215909,1037,v1s1n,2025-01-17,False
2599268306,1037,sezanzeb,2025-01-17,False
2602176389,1015,marsxw,2025-01-20,False
2603201199,1015,sezanzeb,2025-01-20,False
2606102387,981,dobosken,2025-01-22,False
2619954085,1044,sezanzeb,2025-01-28,False
2619968547,1045,sezanzeb,2025-01-28,False
2619976609,1040,sezanzeb,2025-01-28,False
2619981798,1045,sezanzeb,2025-01-28,False
2620106043,1040,iago-lito,2025-01-28,False
2620171937,1040,sezanzeb,2025-01-28,False
2620967957,1046,sezanzeb,2025-01-29,False
2622139059,1045,lyra-scarlet,2025-01-29,False
2622450763,1047,The-Darumonkey,2025-01-29,False
2622898226,1047,sezanzeb,2025-01-29,False
2624254436,1047,The-Darumonkey,2025-01-30,False
2624769305,1047,The-Darumonkey,2025-01-30,False
2625048955,1047,sezanzeb,2025-01-30,False
2625287523,1044,xasnev,2025-01-30,False
2625359923,1044,xasnev,2025-01-30,False
2625430503,1044,sezanzeb,2025-01-30,False
2625451789,1044,sezanzeb,2025-01-30,False
2625454897,1044,sezanzeb,2025-01-30,False
2626464256,1044,xasnev,2025-01-31,False
2626482730,1044,xasnev,2025-01-31,False
2626528569,1044,xasnev,2025-01-31,False
2627014251,1044,sezanzeb,2025-01-31,False
2627015842,1044,sezanzeb,2025-01-31,False
2627020984,1044,sezanzeb,2025-01-31,False
2627075069,1044,xasnev,2025-01-31,False
2627178053,1044,sezanzeb,2025-01-31,False
2628567252,1044,sezanzeb,2025-01-31,False
2628569812,1048,sezanzeb,2025-01-31,False
2629061580,1051,sezanzeb,2025-02-01,False
2629298657,1052,sezanzeb,2025-02-02,False
2629331350,1046,sezanzeb,2025-02-02,False
2629433097,1051,urnati,2025-02-02,False
2629532260,1051,sezanzeb,2025-02-02,False
2631225050,1051,urnati,2025-02-03,False
2634886348,1051,sezanzeb,2025-02-04,False
2634902870,1051,sezanzeb,2025-02-04,False
2635496981,1051,urnati,2025-02-05,False
2635923423,1054,shawarden,2025-02-05,False
2636008997,1051,sezanzeb,2025-02-05,False
2636934449,1051,urnati,2025-02-05,False
2637667822,879,x64Mayank,2025-02-05,False
2639150802,1040,iago-lito,2025-02-06,False
2640185248,1040,sezanzeb,2025-02-06,False
2642681698,263,sezanzeb,2025-02-07,False
2645860241,701,Moini,2025-02-08,False
2646158670,701,sezanzeb,2025-02-09,False
2646169073,701,sezanzeb,2025-02-09,False
2646357365,701,Moini,2025-02-09,False
2646357806,701,Moini,2025-02-09,False
2646369749,701,sezanzeb,2025-02-09,False
2646378643,263,jonasBoss,2025-02-09,False
2651972217,701,Moini,2025-02-11,False
2655082069,701,sezanzeb,2025-02-12,False
2657247273,701,Moini,2025-02-13,False
2658948797,1061,sezanzeb,2025-02-14,False
2659790148,1061,sezanzeb,2025-02-14,False
2660264670,1061,Cellosia,2025-02-14,False
2660917562,1063,sezanzeb,2025-02-15,False
2660919315,1064,sezanzeb,2025-02-15,False
2660964713,1064,skitt,2025-02-15,False
2661358233,1064,sezanzeb,2025-02-16,False
2661521455,1064,skitt,2025-02-16,False
2664192162,1062,inakilbss,2025-02-17,False
2664215183,1023,inakilbss,2025-02-17,False
2664219356,1010,inakilbss,2025-02-17,False
2664245189,942,inakilbss,2025-02-17,False
2664247003,925,inakilbss,2025-02-17,False
2664257270,909,inakilbss,2025-02-18,False
2667187826,547,inakilbss,2025-02-18,False
2667647989,925,Maziar123,2025-02-19,False
2670061509,882,bstock84,2025-02-20,False
2674872733,909,sabudum,2025-02-21,False
2677041913,902,karypid,2025-02-23,False
2677063163,902,rahlquist,2025-02-23,False
2677805100,1067,sezanzeb,2025-02-24,False
2690052034,1070,sezanzeb,2025-02-28,False
2690063964,1071,sezanzeb,2025-02-28,False
2690296645,1071,gahisee,2025-02-28,False
2692038445,868,mpeter50,2025-03-01,False
2692741575,1059,penguinbait,2025-03-02,False
2692757893,1059,sdnpty,2025-03-02,False
2692854575,1075,gahisee,2025-03-02,False
2693102446,1074,entroversal,2025-03-03,False
2693342943,1059,coolstrong,2025-03-03,False
2698235097,1074,Shr4pNull,2025-03-04,False
2698300807,1074,penguinbait,2025-03-04,False
2698325303,1074,dani7959,2025-03-04,False
2698611391,1075,penguinbait,2025-03-04,False
2699172043,1075,gahisee,2025-03-04,False
2699352348,1075,penguinbait,2025-03-05,False
2702157652,1074,kantave,2025-03-05,False
2702232367,1074,penguinbait,2025-03-05,False
2702296097,1074,kantave,2025-03-05,False
2702489116,957,LDDestroier,2025-03-06,False
2703648076,1031,layoaster,2025-03-06,False
2704983433,1075,sezanzeb,2025-03-06,False
2704991451,1076,sezanzeb,2025-03-06,False
2704993823,1074,sezanzeb,2025-03-06,False
2705006520,1073,sezanzeb,2025-03-06,False
2705457560,1073,jackthenewbie,2025-03-07,False
2706298858,1074,penguinbait,2025-03-07,False
2706544304,1075,gahisee,2025-03-07,False
2706567318,1075,sezanzeb,2025-03-07,False
2706573434,1075,sezanzeb,2025-03-07,False
2706577767,1074,sezanzeb,2025-03-07,False
2706622028,853,sezanzeb,2025-03-07,False
2713134138,1074,kestutis-dambrauskas,2025-03-11,False
2715863088,1074,dani7959,2025-03-11,False
2731704686,1010,teslatankx,2025-03-18,False
2736580152,1005,kspes,2025-03-19,False
2744239978,1079,sezanzeb,2025-03-21,False
2744457504,1079,IGLADI,2025-03-21,False
2747869109,1022,jpeletier,2025-03-24,False
2758770280,954,ben-alkov,2025-03-27,False
2763244167,1083,sezanzeb,2025-03-29,False
2781220066,1080,HappyPony,2025-04-06,False
2789872272,954,ben-alkov,2025-04-09,False
2800077875,649,DestoGit,2025-04-13,False
2803879655,1093,quadruplea0,2025-04-15,False
2815114418,649,sezanzeb,2025-04-18,False
2817038101,1096,HappyPony,2025-04-20,False
2817040127,1082,HappyPony,2025-04-20,False
2817362518,1096,PatrickNotStar23,2025-04-20,False
2817920837,1096,HappyPony,2025-04-21,False
2821199323,1096,cgraeff,2025-04-22,False
2833871720,1095,velamyGH,2025-04-28,False
2834111910,893,amigthea,2025-04-28,False
2848635911,879,RainOrigami,2025-05-03,False
2866279027,814,EnderArchery,2025-05-09,False
2889545326,853,king-11,2025-05-19,False
2890133402,853,sezanzeb,2025-05-19,False
2892110195,1048,2xlink,2025-05-19,False
2892661715,853,king-11,2025-05-20,False
2896040214,1077,klausw,2025-05-20,False
2907958505,1048,NIICKTCHUNS,2025-05-25,False
2914527975,1091,TherinS,2025-05-28,False
2914603163,1086,TherinS,2025-05-28,False
2929583271,1086,antlassagne,2025-06-02,False
2934934194,1103,sarimak,2025-06-03,False
2940027756,1086,TherinS,2025-06-04,False
2940438087,1109,TherinS,2025-06-04,False
2940510384,1107,TherinS,2025-06-04,False
2952798835,880,0bi-w6n-K3nobi,2025-06-07,False
2955721602,957,ChaosRifle,2025-06-09,False
2973413310,1091,natestokes,2025-06-15,False
2974065999,1274,sezanzeb,2026-03-23,True
2974072527,1274,sezanzeb,2026-03-23,True
2983282158,1115,sezanzeb,2025-06-18,False
3009947124,1118,sezanzeb,2025-06-26,False
3010120219,1118,JosephScript,2025-06-26,False
3027219699,893,voronind-com,2025-07-02,False
3094837769,1126,GG2R10,2025-07-20,False
3108767704,1133,ivanstepanovftw,2025-07-23,False
3123839073,878,Thespikedballofdoom,2025-07-27,False
3135708933,902,unopolar,2025-07-30,False
3135742577,902,karypid,2025-07-30,False
3137722123,547,KnzHz,2025-07-30,False
3144753003,252,masterofobzene,2025-08-01,False
3164877383,879,masterofobzene,2025-08-07,False
3190830229,1145,sezanzeb,2025-08-15,False
3198507208,1147,noahholloncow-a11y,2025-08-18,False
3204197737,1148,BladeMF,2025-08-20,False
3209413516,1148,BladeMF,2025-08-21,False
3213083965,1290,sezanzeb,2026-05-09,True
3213087138,1290,sezanzeb,2026-05-09,True
3220347397,1150,sezanzeb,2025-08-25,False
3220422059,1128,sezanzeb,2025-08-25,False
3220433107,1126,sezanzeb,2025-08-25,False
3221315889,23,choc1024,2025-08-25,False
3221458104,23,choc1024,2025-08-25,False
3221655744,1150,sabudum,2025-08-25,False
3221944492,23,sezanzeb,2025-08-25,False
3221950903,1150,sezanzeb,2025-08-25,False
3222049708,1150,sabudum,2025-08-25,False
3224973171,1152,sezanzeb,2025-08-26,False
3228397831,1153,gaygoblin,2025-08-27,False
3228651382,29,choc1024,2025-08-27,False
3232392057,1150,sezanzeb,2025-08-28,False
3234437384,1150,sabudum,2025-08-28,False
3235367324,1134,TherinS,2025-08-29,False
3235374296,1141,TherinS,2025-08-29,False
3235388368,1143,TherinS,2025-08-29,False
3235402187,1153,TherinS,2025-08-29,False
3235656768,1134,joshuactk,2025-08-29,False
3236686220,1141,rochacbruno,2025-08-29,False
3240043121,1143,maxvaneck,2025-08-31,False
3240353070,1134,TherinS,2025-08-31,False
3240356490,1141,TherinS,2025-08-31,False
3242411246,1156,sezanzeb,2025-09-01,False
3258184542,1146,esteban-guerrero,2025-09-05,False
3263833596,547,Arndorferd,2025-09-07,False
3264242127,1154,TherinS,2025-09-08,False
3269574244,1154,chikenpotpi,2025-09-09,False
3270485708,905,arximboldi,2025-09-09,False
3272292610,1134,joshuactk,2025-09-09,False
3283299360,1154,TherinS,2025-09-12,False
3283306162,1134,TherinS,2025-09-12,False
3290258003,1109,Renari,2025-09-15,False
3293294510,1023,DiamondYoshi,2025-09-15,False
3304627211,1134,joshuactk,2025-09-17,False
3310151872,1134,TherinS,2025-09-19,False
3310157031,1109,TherinS,2025-09-19,False
3314540946,1163,IzsakiRobi,2025-09-20,False
3315642337,1165,sezanzeb,2025-09-21,False
3315645348,1165,sezanzeb,2025-09-21,False
3316019986,1109,DalSheron,2025-09-21,False
3316026580,547,DalSheron,2025-09-21,False
3327818620,1158,adong660,2025-09-24,False
3330727259,1165,SammysHP,2025-09-24,False
3330792593,1165,sezanzeb,2025-09-24,False
3341434524,1165,SammysHP,2025-09-27,False
3341458335,1165,sezanzeb,2025-09-27,False
3341461553,1165,SammysHP,2025-09-27,False
3341462149,1169,sezanzeb,2025-09-27,False
3341463999,1135,sezanzeb,2025-09-27,False
3341468978,1170,sezanzeb,2025-09-27,False
3341479119,1170,SammysHP,2025-09-27,False
3341996368,1168,Pxtl,2025-09-27,False
3342041300,1135,EricaNebula,2025-09-27,False
3348225553,875,CatOfTheCode,2025-09-29,False
3348362596,875,Twig6943,2025-09-29,False
3355155267,1173,sezanzeb,2025-10-01,False
3373788111,547,sboc,2025-10-06,False
3374857128,1167,TherinS,2025-10-07,False
3395668110,1140,Thespikedballofdoom,2025-10-13,False
3397268128,1140,masterofobzene,2025-10-13,False
3397835399,1140,Thespikedballofdoom,2025-10-13,False
3398683143,1163,alxpl,2025-10-13,False
3417807118,1181,Renari,2025-10-18,False
3417842572,1181,Renari,2025-10-18,False
3417936920,1183,Renari,2025-10-18,False
3417946169,1183,Renari,2025-10-18,False
3417993093,1183,Renari,2025-10-18,False
3418043418,1183,Renari,2025-10-18,False
3418259303,1152,sezanzeb,2025-10-18,False
3418275132,1183,sezanzeb,2025-10-18,False
3418639402,1163,ghost,2025-10-18,False
3418856807,1183,sezanzeb,2025-10-18,False
3418976214,1168,sezanzeb,2025-10-18,False
3418979369,1168,sezanzeb,2025-10-18,False
3419050370,1183,Renari,2025-10-18,False
3419056528,1165,sezanzeb,2025-10-18,False
3419057534,1118,sezanzeb,2025-10-18,False
3419060778,1163,sezanzeb,2025-10-18,False
3419062347,1163,sezanzeb,2025-10-18,False
3419519054,1183,sezanzeb,2025-10-19,False
3419590826,1163,sezanzeb,2025-10-19,False
3419624824,1163,maurice-w,2025-10-19,False
3419633800,1163,sezanzeb,2025-10-19,False
3419649110,1163,maurice-w,2025-10-19,False
3419697660,1184,alxpl,2025-10-19,False
3419700095,1184,sezanzeb,2025-10-19,False
3419701699,1184,alxpl,2025-10-19,False
3419715704,1184,HiImJake,2025-10-19,False
3419729004,1163,HiImJake,2025-10-19,False
3419782547,1183,sezanzeb,2025-10-19,False
3419810489,1183,Renari,2025-10-19,False
3419812184,547,sezanzeb,2025-10-19,False
3419828907,1163,IzsakiRobi,2025-10-19,False
3442002357,1163,mjg,2025-10-24,False
3443122035,1163,HiImJake,2025-10-24,False
3444805959,1168,Pxtl,2025-10-24,False
3446014019,1187,shawarden,2025-10-25,False
3446026386,1180,shawarden,2025-10-25,False
3446527211,1163,sezanzeb,2025-10-25,False
3446543489,1168,sezanzeb,2025-10-25,False
3446827959,1184,KiKaraage,2025-10-25,False
3446919672,1184,sezanzeb,2025-10-25,False
3446920085,1190,sezanzeb,2025-10-25,False
3463867819,1153,wolfsilver00,2025-10-29,False
3465510361,1193,iamstumped,2025-10-30,False
3465878210,1193,iamstumped,2025-10-30,False
3466120744,1194,innateessence,2025-10-30,False
3466143383,1194,innateessence,2025-10-30,False
3466149696,1194,innateessence,2025-10-30,False
3466197549,1194,innateessence,2025-10-30,False
3466210150,1194,innateessence,2025-10-30,False
3466237938,1194,innateessence,2025-10-30,False
3466976995,1193,RaveTheGit,2025-10-30,False
3468833726,1163,remlap,2025-10-30,False
3469731309,1196,Tp-danny,2025-10-30,False
3470481755,1196,YoMama78,2025-10-30,False
3470584634,1196,ciucciodifuoco,2025-10-30,False
3470665254,1196,GitWit-Dev,2025-10-30,False
3470696667,1196,YoMama78,2025-10-30,False
3471961823,1163,MihaMarkic,2025-10-31,False
3472099053,1196,celikdoruk,2025-10-31,False
3473472804,1196,ChromeCockerel,2025-10-31,False
3476195663,1196,thomas-stanley,2025-11-01,False
3476346445,1196,ghost,2025-11-01,False
3476552490,1163,sezanzeb,2025-11-01,False
3476553320,1170,sezanzeb,2025-11-01,False
3476577301,1197,sezanzeb,2025-11-01,False
3476619376,1198,sezanzeb,2025-11-01,False
3476631229,1163,sezanzeb,2025-11-01,False
3476631356,1196,sezanzeb,2025-11-01,False
3477941815,1192,sortedcord,2025-11-02,False
3478009655,1201,sezanzeb,2025-11-02,False
3478129815,1200,noja11,2025-11-02,False
3478191988,1200,MartyrKomplx,2025-11-02,False
3478220318,1200,ClementNerma,2025-11-02,False
3478243283,1200,MartyrKomplx,2025-11-02,False
3478439720,1200,sezanzeb,2025-11-02,False
3478439978,1200,sezanzeb,2025-11-02,False
3478675018,1196,joshuadiezmo,2025-11-03,False
3478801914,1200,FlipperFlopper99,2025-11-03,False
3479292020,1158,Ratione,2025-11-03,False
3479344104,1163,MihaMarkic,2025-11-03,False
3480527161,1200,Sensenman1,2025-11-03,False
3481408428,1196,YoMama78,2025-11-03,False
3482127215,1200,FlipperFlopper99,2025-11-03,False
3482153087,1200,FlipperFlopper99,2025-11-03,False
3482230246,1082,funktionzero,2025-11-03,False
3482953057,1196,ChromeCockerel,2025-11-03,False
3485226083,1137,fnxweb,2025-11-04,False
3485316721,1137,fnxweb,2025-11-04,False
3485650789,1137,fnxweb,2025-11-04,False
3485936037,1200,noja11,2025-11-04,False
3485942710,1200,ClementNerma,2025-11-04,False
3486975236,1137,fnxweb,2025-11-04,False
3505711438,875,RamAvni,2025-11-08,False
3508857441,1205,sezanzeb,2025-11-09,False
3509711377,1205,Liniya,2025-11-10,False
3511286534,1205,sezanzeb,2025-11-10,False
3511427576,1205,skitt,2025-11-10,False
3511466854,1205,sezanzeb,2025-11-10,False
3514366303,1206,krisutofu,2025-11-10,False
3520861372,1207,sezanzeb,2025-11-12,False
3520885241,1207,sezanzeb,2025-11-12,False
3521304244,1207,shawarden,2025-11-12,False
3521390742,1207,sezanzeb,2025-11-12,False
3521825739,1206,sgoth,2025-11-12,False
3523138039,1207,shawarden,2025-11-12,False
3531674013,1202,shawarden,2025-11-14,False
3532577482,1206,krisutofu,2025-11-14,False
3534086844,1209,danicc097,2025-11-14,False
3534353737,1209,danicc097,2025-11-14,False
3536147380,1207,Drazape,2025-11-15,False
3536320799,1211,sezanzeb,2025-11-15,False
3536322835,1210,sezanzeb,2025-11-15,False
3536363885,1207,sezanzeb,2025-11-15,False
3536394454,1207,sezanzeb,2025-11-15,False
3536428666,1211,Jorenar,2025-11-15,False
3536440898,1211,sezanzeb,2025-11-15,False
3536443575,1211,sezanzeb,2025-11-15,False
3536688992,1202,Aqua1ung,2025-11-15,False
3536864808,1211,Jorenar,2025-11-15,False
3536878159,1211,Jorenar,2025-11-15,False
3536935296,1211,sezanzeb,2025-11-15,False
3554342057,1206,jonasBoss,2025-11-19,False
3556757380,875,GitWit-Dev,2025-11-20,False
3561639128,1206,sgoth,2025-11-21,False
3564715526,969,magnoid,2025-11-21,False
3568748714,1217,mcarans,2025-11-24,False
3571588372,1181,StarLordRammi,2025-11-24,False
3573135836,1216,sezanzeb,2025-11-24,False
3574001093,1181,CloneIX,2025-11-25,False
3587401244,1187,TherinS,2025-11-27,False
3587405241,1205,TherinS,2025-11-27,False
3587407960,1181,TherinS,2025-11-27,False
3587411511,1167,TherinS,2025-11-27,False
3587421776,1161,TherinS,2025-11-27,False
3587597755,1155,TherinS,2025-11-28,False
3587601702,1153,TherinS,2025-11-28,False
3587605315,1143,TherinS,2025-11-28,False
3587624951,1128,TherinS,2025-11-28,False
3587693152,1187,shawarden,2025-11-28,False
3588300131,1205,skitt,2025-11-28,False
3588329721,1215,shawarden,2025-11-28,False
3588542800,1215,kierun,2025-11-28,False
3588723304,1215,shawarden,2025-11-28,False
3588995905,1215,kierun,2025-11-28,False
3589099670,1215,kierun,2025-11-28,False
3589701382,1167,Pxtl,2025-11-28,False
3591172668,1328,sezanzeb,2026-07-15,True
3591267882,1328,sezanzeb,2026-07-15,True
3591777616,1128,sezanzeb,2025-11-29,False
3591793285,1221,sezanzeb,2025-11-29,False
3592087567,1167,Pxtl,2025-11-30,False
3593612445,1328,shelterx,2026-07-16,True
3593629305,1328,shelterx,2026-07-16,True
3593668070,1128,TherinS,2025-11-30,False
3594848837,1328,sezanzeb,2026-07-16,True
3596305872,1328,shelterx,2026-07-16,True
3597628319,1128,sezanzeb,2025-12-01,False
3607323556,1181,StarLordRammi,2025-12-03,False
3610413936,1328,sezanzeb,2026-07-19,True
3611447657,1328,shelterx,2026-07-19,True
3611621333,1215,kierun,2025-12-04,False
3617299034,1215,kierun,2025-12-05,False
3621471761,547,Damglador,2025-12-07,False
3622056217,1221,sezanzeb,2025-12-07,False
3622103617,1187,sezanzeb,2025-12-07,False
3622876043,1225,BalaDeSilver,2025-12-07,False
3623196190,1221,SammysHP,2025-12-07,False
3629706124,1207,derpda,2025-12-09,False
3634654740,1207,sezanzeb,2025-12-09,False
3634889909,1207,derpda,2025-12-10,False
3636712293,1207,sezanzeb,2025-12-10,False
3643929392,1221,sezanzeb,2025-12-11,False
3644821132,1225,TherinS,2025-12-12,False
3644853702,1225,BalaDeSilver,2025-12-12,False
3649552797,1221,sezanzeb,2025-12-13,False
3650689939,1336,sezanzeb,2026-07-25,True
3650690303,1336,sezanzeb,2026-07-25,True
3650702406,1336,sezanzeb,2026-07-25,True
3650713970,1336,sezanzeb,2026-07-25,True
3650714246,1336,sezanzeb,2026-07-25,True
3650714657,1336,sezanzeb,2026-07-25,True
3652141448,1180,TheCarpetMerchant,2025-12-14,False
3652472025,1221,alxpl,2025-12-15,False
3655620043,1221,skitt,2025-12-15,False
3684059507,1221,sezanzeb,2025-12-22,False
3684360012,1221,LunNova,2025-12-22,False
3700534138,1230,sezanzeb,2025-12-30,False
3700535946,1230,sezanzeb,2025-12-30,False
3707227212,1137,CouldBeThis,2026-01-03,False
3707473016,880,routonmh,2026-01-04,False
3707582999,324,Absotively,2026-01-04,False
3708177403,173,jrie,2026-01-04,False
3708281903,1181,metl01,2026-01-04,False
3708550331,1181,StarLordRammi,2026-01-05,False
3709030436,1181,metl01,2026-01-05,False
3711450434,1342,github-actions[bot],2026-08-04,True
3711450442,1342,github-actions[bot],2026-08-04,True
3711450445,1342,github-actions[bot],2026-08-04,True
3711450452,1342,github-actions[bot],2026-08-04,True
3711450469,1342,github-actions[bot],2026-08-04,True
3711526848,1342,github-actions[bot],2026-08-04,True
3711540631,1342,github-actions[bot],2026-08-04,True
3711540635,1342,github-actions[bot],2026-08-04,True
3711540639,1342,github-actions[bot],2026-08-04,True
3711540643,1342,github-actions[bot],2026-08-04,True
3711540646,1342,github-actions[bot],2026-08-04,True
3711540649,1342,github-actions[bot],2026-08-04,True
3711540653,1342,github-actions[bot],2026-08-04,True
3711540659,1342,github-actions[bot],2026-08-04,True
3711540667,1342,github-actions[bot],2026-08-04,True
3711540673,1342,github-actions[bot],2026-08-04,True
3711540681,1342,github-actions[bot],2026-08-04,True
3711540685,1342,github-actions[bot],2026-08-04,True
3711540689,1342,github-actions[bot],2026-08-04,True
3711540694,1342,github-actions[bot],2026-08-04,True
3711540699,1342,github-actions[bot],2026-08-04,True
3711540703,1342,github-actions[bot],2026-08-04,True
3711540707,1342,github-actions[bot],2026-08-04,True
3711540711,1342,github-actions[bot],2026-08-04,True
3711540718,1342,github-actions[bot],2026-08-04,True
3711540722,1342,github-actions[bot],2026-08-04,True
3711540726,1342,github-actions[bot],2026-08-04,True
3711540730,1342,github-actions[bot],2026-08-04,True
3711540737,1342,github-actions[bot],2026-08-04,True
3711540742,1342,github-actions[bot],2026-08-04,True
3711540745,1342,github-actions[bot],2026-08-04,True
3711540750,1342,github-actions[bot],2026-08-04,True
3716535241,1221,skitt,2026-01-06,False
3717871929,1233,sezanzeb,2026-01-07,False
3717877776,1233,sezanzeb,2026-01-07,False
3717887393,1233,skitt,2026-01-07,False
3717946436,1232,sezanzeb,2026-01-07,False
3728349710,547,inakilbss,2026-01-09,False
3733349878,1235,kekmacska,2026-01-10,False
3734404556,1238,cD1rtX3,2026-01-11,False
3734572546,1235,Plite7067,2026-01-11,False
3735286710,1236,Renari,2026-01-11,False
3740309581,1242,CloneIX,2026-01-12,False
3741596224,1236,HKMV,2026-01-13,False
3741621722,1242,VuAiore,2026-01-13,False
3742643493,1242,derpda,2026-01-13,False
3742954877,1238,cD1rtX3,2026-01-13,False
3743937835,1242,arlarzelere3,2026-01-13,False
3745057961,1236,Renari,2026-01-13,False
3746421623,1242,rroig7,2026-01-13,False
3748324225,1236,HKMV,2026-01-14,False
3750990795,1242,c02y,2026-01-14,False
3750995608,1242,scorthyn,2026-01-14,False
3751440149,1242,CloneIX,2026-01-14,False
3757819338,1242,c02y,2026-01-16,False
3758359391,895,Turab,2026-01-16,False
3774476414,408,afourmeaux,2026-01-20,False
3784233349,875,archbtww,2026-01-22,False
3786115388,408,afourmeaux,2026-01-22,False
3794773427,875,sezanzeb,2026-01-24,False
3795954161,1245,AJHarkness,2026-01-25,False
3800043331,1245,AJHarkness,2026-01-26,False
3802672711,1246,Ducccccker,2026-01-27,False
3824945148,1243,NetVarg,2026-01-30,False
3852978298,1251,silicon625,2026-02-05,False
3853172074,1251,silicon625,2026-02-05,False
3860785289,1250,shuja-u,2026-02-06,False
3860903352,1249,shuja-u,2026-02-06,False
3860922643,1248,shuja-u,2026-02-06,False
3862239864,1248,iam-best,2026-02-06,False
3877926916,1253,shuja-u,2026-02-10,False
3881259498,1246,EricaNebula,2026-02-10,False
3883591042,1219,Lu9-ST,2026-02-11,False
3909117443,1153,gaygoblin,2026-02-16,False
3924396487,1153,TherinS,2026-02-19,False
3924461899,1258,TherinS,2026-02-19,False
3956341554,1260,kjoonlee,2026-02-25,False
3974056453,1045,jebez1,2026-02-27,False
3990442579,1342,github-actions[bot],2026-09-11,True
3990442588,1342,github-actions[bot],2026-09-11,True
3990442600,1342,github-actions[bot],2026-09-11,True
3990442608,1342,github-actions[bot],2026-09-11,True
3990442615,1342,github-actions[bot],2026-09-11,True
3990541575,1342,github-actions[bot],2026-09-11,True
3995949324,1349,sezanzeb,2026-09-12,True
3996053137,1354,sezanzeb,2026-09-12,True
3996055011,1354,sezanzeb,2026-09-12,True
3996061651,1354,sezanzeb,2026-09-12,True
3996062071,1354,sezanzeb,2026-09-12,True
3996081208,1354,sezanzeb,2026-09-12,True
3999097091,1256,sezanzeb,2026-03-04,False
3999234312,1336,sezanzeb,2026-09-13,True
3999271290,1336,sezanzeb,2026-09-13,True
3999273762,1336,sezanzeb,2026-09-13,True
3999283977,1336,sezanzeb,2026-09-13,True
3999650280,1045,sezanzeb,2026-03-04,False
4001113009,1336,shelterx,2026-09-13,True
4002681409,1336,shelterx,2026-09-14,True
4003698270,1336,sezanzeb,2026-09-14,True
4005257254,1251,thomasthurbo,2026-03-05,False
4008410837,1045,jebez1,2026-03-05,False
4026701352,1336,shelterx,2026-09-16,True
4034442322,1336,shelterx,2026-09-17,True
4034589196,1336,shelterx,2026-09-17,True
4041127425,957,IcarusOne,2026-03-11,False
4052564192,1238,IckyVickyUwU,2026-03-13,False
4054642332,1266,Buggfix42,2026-03-13,False
4056644892,1371,github-actions[bot],2026-09-20,True
4056644894,1371,github-actions[bot],2026-09-20,True
4059608255,1238,cD1rtX3,2026-03-14,False
4060507256,875,felgon,2026-03-14,False
4060903667,875,sezanzeb,2026-03-14,False
4060913481,875,sezanzeb,2026-03-14,False
4062959460,1266,IckyVickyUwU,2026-03-15,False
4081885732,1269,sezanzeb,2026-03-18,False
4082123663,1269,Soulful-Sailer,2026-03-18,False
4104351522,893,alxns7,2026-03-21,False
4106159993,853,nwildner,2026-03-22,False
4106345142,1244,nwildner,2026-03-22,False
4106641362,893,sezanzeb,2026-03-22,False
4106854832,853,sezanzeb,2026-03-22,False
4106876558,853,sezanzeb,2026-03-22,False
4137974255,1246,LAutomate-dev,2026-03-26,False
4149587913,1253,HudsonSoda,2026-03-29,False
4150898063,1153,Splutty,2026-03-29,False
4166723454,1278,jackojmi,2026-04-01,False
4174886277,1230,TheArkive,2026-04-02,False
4185796877,1257,Vivi-fied-Vibes,2026-04-04,False
4185967543,1153,TherinS,2026-04-04,False
4186030160,1278,TherinS,2026-04-04,False
4186043335,1264,TherinS,2026-04-04,False
4186310059,1278,bathindahelper,2026-04-04,False
4187015015,1153,Splutty,2026-04-04,False
4189483205,1153,jonasBoss,2026-04-05,False
4189504414,1278,jonasBoss,2026-04-05,False
4189526329,1265,jonasBoss,2026-04-05,False
4189532514,912,jonasBoss,2026-04-05,False
4189533990,1280,jonasBoss,2026-04-05,False
4189591495,1278,TherinS,2026-04-05,False
4190325548,1278,bathindahelper,2026-04-06,False
4192489729,1153,Splutty,2026-04-06,False
4193636310,1278,jonasBoss,2026-04-06,False
4194412863,1268,auipga,2026-04-06,False
4194524093,1265,Buggfix42,2026-04-06,False
4196351195,1278,bathindahelper,2026-04-07,False
4196677316,853,WesCook,2026-04-07,False
4202276794,1278,jackojmi,2026-04-07,False
4203241168,1153,TherinS,2026-04-08,False
4203369200,1278,TherinS,2026-04-08,False
4203847316,1278,bathindahelper,2026-04-08,False
4203971738,1278,jackojmi,2026-04-08,False
4204015834,1278,bathindahelper,2026-04-08,False
4206511330,1153,Splutty,2026-04-08,False
4209166239,1246,maybesheforgot,2026-04-08,False
4220458670,1278,bathindahelper,2026-04-10,False
4228687551,15,arscynic,2026-04-11,False
4254150349,893,sezanzeb,2026-04-15,False
4275069320,1282,Bust3r14,2026-04-19,False
4275770201,1285,sezanzeb,2026-04-19,False
4276166403,1276,sezanzeb,2026-04-19,False
4276217471,1276,sezanzeb,2026-04-19,False
4363939704,1253,5Cheeseguy,2026-05-02,False
4367595202,1251,SlyCedix,2026-05-04,False
4368569089,1282,Davedes83,2026-05-04,False
4384730889,1251,richoux,2026-05-06,False
4384978848,1251,5seg,2026-05-06,False
4385475796,1251,thomasthurbo,2026-05-06,False
4385514928,1251,richoux,2026-05-06,False
4387402396,1251,5seg,2026-05-06,False
4412596767,1290,mizuikki,2026-05-09,False
4412647701,1290,sezanzeb,2026-05-09,False
4412704284,1290,mizuikki,2026-05-09,False
4412875480,1290,sezanzeb,2026-05-09,False
4414080854,1290,mizuikki,2026-05-10,False
4415806700,1153,sezanzeb,2026-05-10,False
4415808220,1048,sezanzeb,2026-05-10,False
4415810139,454,sezanzeb,2026-05-10,False
4415812846,358,sezanzeb,2026-05-10,False
4424274258,1292,sezanzeb,2026-05-11,False
4424294687,1292,sezanzeb,2026-05-11,False
4424373214,1291,sezanzeb,2026-05-11,False
4425013042,1291,kekmacska,2026-05-11,False
4441430311,1288,sezanzeb,2026-05-13,False
4441445743,1288,sezanzeb,2026-05-13,False
4445541501,1288,shawarden,2026-05-13,False
4496750519,1268,claymorwan,2026-05-20,False
4535314876,1297,brnlee,2026-05-25,False
4539996116,1278,bathindahelper,2026-05-26,False
4587407799,1296,TherinS,2026-05-31,False
4591159124,1297,sezanzeb,2026-06-01,False
4591631587,1300,sezanzeb,2026-06-01,False
4592968392,1299,sezanzeb,2026-06-01,False
4599885566,1304,sezanzeb,2026-06-02,False
4645542157,362,sixtysecondstosmash,2026-06-08,False
4646993161,1307,dethzord,2026-06-08,False
4669568513,1309,nickbock,2026-06-10,False
4678637065,1296,UfBt12qJNZKcw,2026-06-11,False
4678907653,1307,sezanzeb,2026-06-11,False
4678952332,1307,sezanzeb,2026-06-11,False
4679042918,1307,dethzord,2026-06-11,False
4679156103,1309,sezanzeb,2026-06-11,False
4679185572,1307,sezanzeb,2026-06-11,False
4679251162,1305,sezanzeb,2026-06-11,False
4679666145,1307,dethzord,2026-06-11,False
4684744487,1180,Lotus56,2026-06-11,False
4687079111,1305,teslatankx,2026-06-12,False
4688166918,1180,TheCarpetMerchant,2026-06-12,False
4694421231,1305,sezanzeb,2026-06-12,False
4694456199,1305,sezanzeb,2026-06-12,False
4694532607,1303,sezanzeb,2026-06-12,False
4694572065,1303,sezanzeb,2026-06-12,False
4694583828,1301,sezanzeb,2026-06-12,False
4694630928,1301,sezanzeb,2026-06-12,False
4694633109,1303,sezanzeb,2026-06-12,False
4697536407,1305,teslatankx,2026-06-13,False
4698579239,1305,sezanzeb,2026-06-13,False
4698929538,1305,sezanzeb,2026-06-13,False
4701136460,1309,nickbock,2026-06-14,False
4702160799,1305,teslatankx,2026-06-14,False
4702457323,1278,TherinS,2026-06-14,False
4702677340,1294,TherinS,2026-06-14,False
4703382877,1294,stone-alex,2026-06-14,False
4704181653,1294,TherinS,2026-06-15,False
4704215045,1309,nemowave,2026-06-15,False
4704323382,1294,stone-alex,2026-06-15,False
4725074813,1300,musikmon,2026-06-17,False
4737870945,1305,teslatankx,2026-06-18,False
4755997411,1294,TherinS,2026-06-20,False
4756500973,1294,stone-alex,2026-06-20,False
4759836606,1153,gaygoblin,2026-06-20,False
4761039827,1294,stone-alex,2026-06-21,False
4778983801,1318,Geobert,2026-06-23,False
4790289741,1301,Fi6uDvGWucFv,2026-06-24,False
4814444169,1250,TherinS,2026-06-27,False
4814445846,1258,TherinS,2026-06-27,False
4814451701,1266,TherinS,2026-06-27,False
4814459141,1267,TherinS,2026-06-27,False
4891274371,1321,sezanzeb,2026-07-06,False
4904796596,1244,sina-programer,2026-07-07,False
4908905865,1322,astralaster,2026-07-07,False
4921284169,1300,Odraude-2,2026-07-09,False
4955752177,1325,sezanzeb,2026-07-13,False
4955819577,1325,sezanzeb,2026-07-13,False
4955831133,1325,sezanzeb,2026-07-13,False
4968141752,1327,sezanzeb,2026-07-14,False
4970725603,1327,shelterx,2026-07-14,False
4974005531,1327,sezanzeb,2026-07-14,False
4976026353,935,trharmon0,2026-07-15,False
4976363655,1325,Odraude-2,2026-07-15,False
4976452618,1325,Odraude-2,2026-07-15,False
4976488892,1325,Odraude-2,2026-07-15,False
4977561994,1327,shelterx,2026-07-15,False
4979406064,1325,sezanzeb,2026-07-15,False
4979452811,1325,sezanzeb,2026-07-15,False
4980684272,1325,Odraude-2,2026-07-15,False
4989457325,1328,shelterx,2026-07-16,False
4989571259,1328,shelterx,2026-07-16,False
4991168221,1328,sezanzeb,2026-07-16,False
4991799572,1325,sezanzeb,2026-07-16,False
4992282988,1325,Odraude-2,2026-07-16,False
4992530332,1328,shelterx,2026-07-16,False
4992583806,1328,sezanzeb,2026-07-16,False
5011198681,1329,sezanzeb,2026-07-18,False
5011213441,1329,sezanzeb,2026-07-18,False
5011361498,1329,danielzgtg,2026-07-18,False
5013429459,1328,sezanzeb,2026-07-19,False
5014654981,1328,shelterx,2026-07-19,False
5019423371,1328,shelterx,2026-07-20,False
5021081679,1328,sezanzeb,2026-07-20,False
5030046059,1322,abd-farooqi,2026-07-21,False
5035982520,1332,sezanzeb,2026-07-21,False
5035990334,1332,sezanzeb,2026-07-21,False
5045325719,1333,sezanzeb,2026-07-22,False
5048930606,1333,shelterx,2026-07-22,False
5058013263,1333,sezanzeb,2026-07-23,False
5061421280,1333,shelterx,2026-07-23,False
5067089275,1333,shelterx,2026-07-24,False
5102154176,1336,shelterx,2026-07-28,False
5172137283,1336,sezanzeb,2026-08-03,False
5172239664,1341,sezanzeb,2026-08-03,False
5172638591,1337,shawarden,2026-08-03,False
5179364499,1340,shawarden,2026-08-04,False
5224014466,1337,teslatankx,2026-08-08,False
5260176747,1340,yhdhvyfhv,2026-08-11,False
5316565765,1346,cmoney113,2026-08-17,False
5411558669,1262,SGTBPrecise,2026-08-25,False
5414896996,1350,Mdlpe,2026-08-25,False
5415220202,1350,Mdlpe,2026-08-25,False
5477792545,1348,mothringer,2026-08-31,False
5546751847,1354,Hkeoke,2026-09-04,False
5554334306,1282,grenudi,2026-09-05,False
5560430011,1354,Hkeoke,2026-09-06,False
5576855000,1366,luxotek,2026-09-07,False
5576901793,1366,dating92,2026-09-07,False
5577379441,1366,luxotek,2026-09-08,False
5578366944,1366,dating92,2026-09-08,False
5584715750,1366,warrenkerr-spec,2026-09-08,False
5587815150,1366,warrenkerr-spec,2026-09-08,False
5589562919,1366,dating92,2026-09-08,False
5592328836,1366,luxotek,2026-09-08,False
5620028326,1343,nicecartoon,2026-09-10,False
5637466021,1336,sezanzeb,2026-09-11,False
5645322390,1329,sezanzeb,2026-09-12,False
5645394201,1349,sezanzeb,2026-09-12,False
5645443224,1351,sezanzeb,2026-09-12,False
5645455203,1351,sezanzeb,2026-09-12,False
5645498222,1352,sezanzeb,2026-09-12,False
5645751595,1356,sezanzeb,2026-09-12,False
5645773818,1356,sezanzeb,2026-09-12,False
5646388742,1349,Renari,2026-09-12,False
5646528417,1349,sezanzeb,2026-09-12,False
5646603272,1349,Renari,2026-09-12,False
5646698908,1349,sezanzeb,2026-09-12,False
5646731333,1336,shelterx,2026-09-12,False
5652229454,1367,sezanzeb,2026-09-13,False
5652304676,1336,sezanzeb,2026-09-13,False
5653001849,1336,shelterx,2026-09-13,False
5657073501,1356,grenudi,2026-09-13,False
5661715661,1356,sezanzeb,2026-09-14,False
5708027327,526,Ericwasepic127,2026-09-17,False
5719255748,946,drakosoldier298,2026-09-17,False
5742334523,875,sezanzeb,2026-09-19,False
5742397661,1354,sezanzeb,2026-09-19,False
