n,title,is_pr,state,created,closed,author,comments,labels
1,AUR package isn't working,False,CLOSED,2020-12-05,2020-12-05,ca5ua1,2,
2,AUR still broken,False,CLOSED,2020-12-05,2020-12-05,ca5ua1,4,
3,Windows release?,False,CLOSED,2020-12-16,2020-12-16,rayman3003,4,
4,add support for non-GUI,False,CLOSED,2020-12-17,2020-12-17,OrionRandD,9,
5,Can't install on pop!_os 20.10,False,CLOSED,2020-12-23,2020-12-23,therealrobster,2,
6,deb file install / Steam controller issue,False,CLOSED,2020-12-25,2020-12-27,danrobi11,18,
7,Not running when starting via GUI ,False,CLOSED,2020-12-26,2020-12-29,claxonberlin,19,
8,Mappings not autoloaded,False,CLOSED,2020-12-27,2021-01-04,amadeusp,20,
9,Dark theme no longer loading,False,CLOSED,2020-12-27,2020-12-27,amadeusp,9,
10,GUI unresponsive,False,CLOSED,2020-12-28,2021-01-03,mike-lloyd03,5,
11,how to remove,False,CLOSED,2020-12-30,2020-12-30,systmrrr,1,
12,Logitech mouse buttons 6 and 7,False,CLOSED,2020-12-31,2021-01-05,jim8989,28,
13,Can't remap/detect side wheel buttons,False,CLOSED,2021-01-02,2021-01-05,rimko,7,
14,possible fix for #8,True,CLOSED,2021-01-03,2021-01-04,hixan,3,
15,OpenRC init script needed,False,CLOSED,2021-01-07,2021-01-07,proton252,4,
16,3 parameter macro ,False,CLOSED,2021-01-08,2021-01-08,jim8989,4,
17,Wrong user in systemd daemon,False,CLOSED,2021-01-09,2021-01-09,reyder,1,
18,Only works after first unlock,False,CLOSED,2021-01-09,2021-01-09,RisingOrange,3,
19,App doesn't open on ZOrin OS,False,CLOSED,2021-01-09,2021-01-18,Pretuer,2,
21,Installing as Flatpak from Flathub,False,CLOSED,2021-01-10,2021-08-30,sojusnik,17,packaging
22,When to update the software release,False,CLOSED,2021-01-10,2021-01-10,jim8989,1,
23,key-mapper.service fails,False,CLOSED,2021-01-10,2021-01-11,Pete-Smith,11,
24,Mouse compatibility,False,CLOSED,2021-01-12,2021-01-17,jim8989,23,
25,Automatically loading for bluetooth devices,False,CLOSED,2021-01-17,2021-02-12,sojusnik,34,
27,Key Mapper can't map brightness keys,False,CLOSED,2021-01-27,2021-02-06,Arrowpuppet,6,
28,_gtk_style_provider_private_get_settings assertion failed,False,CLOSED,2021-01-30,2021-02-03,ghost,19,
29,could not open uinput device in write mode,False,CLOSED,2021-01-31,2021-03-03,hannahswain,13,
30,Caps Lock as Escape and Control,False,CLOSED,2021-02-02,2021-02-02,likern,13,
31,draft: try to package as Flatpak,True,CLOSED,2021-02-02,2021-08-30,likern,4,
32,[Feature Request]: presets assigned to programs,False,CLOSED,2021-02-03,2021-02-03,mauritzn,6,
33,key_f13 -> key_f24 seem to be incorrect,False,CLOSED,2021-02-03,2021-04-08,mauritzn,31,
35,0.6.1 freezes the pointer when applying a profile,False,CLOSED,2021-02-07,2021-02-07,CarlosEkisde,7,
36,Drawing tablet cursor not moving if stylus button mapped,False,CLOSED,2021-02-10,2022-11-08,CarlosEkisde,56,"environment incompatibility,help wanted"
37,[Feature Request] Add support for left key remapping,False,CLOSED,2021-02-11,2021-04-02,CarlosEkisde,6,
40,Packing via debian/rules,False,CLOSED,2021-02-13,2021-08-17,sezanzeb,15,"help wanted,packaging"
41,"Fail to start, installed from AUR",False,CLOSED,2021-02-14,2021-02-15,ghost,3,
42,Generating xkb configs,False,CLOSED,2021-02-18,2021-02-18,sezanzeb,1,
43,Authentication method doens't work on main.,False,CLOSED,2021-02-19,2021-02-19,CarlosEkisde,2,
44,Can't create another remapping without saving and change profile first on main.,False,CLOSED,2021-02-19,2021-02-20,CarlosEkisde,6,
45,Add systemctl enable for PIP install,True,MERGED,2021-02-19,2021-02-20,pbaumard,1,
46,"Tartarus v2 key button stuck/repeats (Manjaro, OpenRazer)",False,CLOSED,2021-02-20,2021-02-22,ArnoldDeRuiter,4,
47,v0.7.0 using Key + Key vs macros,False,CLOSED,2021-02-23,2021-03-01,jim8989,9,
48,Systemd service fails on install,False,CLOSED,2021-02-25,2021-03-01,BachoSeven,1,
49,space on release if not part of combination + input lags,False,CLOSED,2021-02-27,2022-04-21,LexRiver,30,"environment incompatibility,feature request"
50,Suggestion: Any plans on adding focus dependant configurations ? ,False,CLOSED,2021-02-28,2021-03-01,Werner1201,1,
53,20.04 internal error,False,CLOSED,2021-03-06,2021-03-07,jim8989,7,
56,"Is there any way to quickly switch between mappings (via cli, etc) or to have conditional mapping applied? ",False,CLOSED,2021-03-11,2021-03-11,MostHated,1,
57,Automatic reapplying mappings on device reconnect,False,CLOSED,2021-03-12,2021-03-12,wodzborsuk,3,
58,Super Key,False,CLOSED,2021-03-13,2021-03-13,swt83,3,
59,Key won't release,False,CLOSED,2021-03-15,2021-03-16,sezanzeb,9,
60,"Razer basilisk V2 key not recognized ""Razer Hypershift""",False,CLOSED,2021-03-15,2021-03-18,Amdarin,11,
61,Feature: Duplicate Preset,False,CLOSED,2021-03-16,2021-03-18,JonasLoos,4,
64,Hypershift button for mouse Razer Basilisk V2,False,CLOSED,2021-03-18,2021-03-18,Amdarin,2,
65,Some UI suggestions,False,CLOSED,2021-03-18,2021-03-27,JonasLoos,17,feature request
66,UInputError: uinput device name must not be longer than 80 characters,False,CLOSED,2021-03-20,2021-03-21,mmazur,2,
67,[Request] Version Command line Argument,False,CLOSED,2021-03-21,2021-03-21,zero77,2,
68,Add ability to reserve key as modifier/disable it completely,False,CLOSED,2021-03-21,2021-03-21,mmazur,3,
69,"Keys no longer detected in UI after first ""apply""",False,CLOSED,2021-03-21,2021-03-21,mmazur,2,
70,"Hi, I did some work on another project you might find helpful",False,CLOSED,2021-03-22,2021-03-25,DanielJoyce,1,
71,i18n support missing,False,CLOSED,2021-03-23,2021-08-31,jose1711,7,feature request
72,Mapping preset change,False,CLOSED,2021-03-25,2021-04-26,Kierek,8,feature request
73,Key detection almost unusable with bluetooth VR controller,False,CLOSED,2021-03-25,2021-03-28,jose1711,28,
74,Making mouse emulation work with SN30 Pro+,False,CLOSED,2021-03-29,2021-03-29,jose1711,12,
75,Feature request: refresh list of devices,False,CLOSED,2021-03-29,2021-04-02,jose1711,1,feature request
76,DataFrog controller - DPAD keys not detected,False,CLOSED,2021-03-30,2021-04-01,jose1711,6,
77,"python dependencies not found via .deb, Intuos touch buttons",False,CLOSED,2021-04-01,2021-04-10,paranoidfactoid,7,
78,Ignore (filter out) YubiKey and similar devices,False,CLOSED,2021-04-06,2021-04-09,jose1711,4,
79,Mapping mouse movements,False,CLOSED,2021-04-08,2022-11-12,aonphleacs,8,feature request
80,Plugin support,False,OPEN,2021-04-08,,sezanzeb,3,"feature request,help wanted"
81,Uninstalling when setup.py was used?,False,CLOSED,2021-04-08,2021-04-08,mauritzn,2,
82,Draft: first try to debianize,True,CLOSED,2021-04-09,2021-04-29,Blaimi,14,
83,rpm-package,False,CLOSED,2021-04-09,2023-03-28,Blaimi,28,packaging
84,Help with mapping the keys for a game (autorepeat stops),False,CLOSED,2021-04-09,2021-04-11,jose1711,9,
85,ModuleNotFoundError after pip installation in Fedora,False,CLOSED,2021-04-11,2021-07-12,byron-hawkins,7,
88,Pretty printed evdev event output via the GUI,False,OPEN,2021-04-11,,sezanzeb,0,feature request
89,Framedrops when binding regular keys to LeftCtrl/CapsLock etc.,False,CLOSED,2021-04-11,2021-04-22,ArnoldDeRuiter,3,environment incompatibility
90,Helper to find symbol names and combinations,False,OPEN,2021-04-12,,sezanzeb,0,feature request
91,Support for keyboard layers,False,OPEN,2021-04-12,,matt-vdv,6,feature request
92,"Filter Eee hotkeys (wifi controls, backlight, leds..)",True,MERGED,2021-04-13,2021-04-13,jose1711,3,
93,Unable to configure devices with the same name independently,False,CLOSED,2021-04-13,2021-04-23,jose1711,16,
94,Key-Mapper Settings Not Persistent,False,CLOSED,2021-04-13,2021-04-13,reidellawfirm,3,
95,Mapping templates,False,OPEN,2021-04-13,,jose1711,1,feature request
98,key-mapper-git: /lib è già presente nel filesystem (appartiene a filesystem),False,CLOSED,2021-04-16,2021-04-16,simona70,2,
99,Feature Request: mouse speed adjustment,False,CLOSED,2021-04-16,2022-11-12,danrobi11,6,feature request
100,Feature Request: Distinction between mouse press and mouse release.,False,CLOSED,2021-04-19,2021-04-20,vercingetorx,7,
101,unicode macro,False,CLOSED,2021-04-22,2021-04-25,sezanzeb,1,feature request
102,Joystick emulating mouse is not detected,False,CLOSED,2021-04-22,2021-04-22,jose1711,3,
103,Mouse button mapping issues,False,CLOSED,2021-04-24,2021-04-24,limrick,1,
104,Toggle on/off script needed,False,CLOSED,2021-04-24,2021-04-25,pascualpobil,6,
106,Add GObject dependencies to setup.py,True,MERGED,2021-04-27,2021-04-29,skitt,3,
107,Autoload function not working,False,CLOSED,2021-04-27,2021-04-30,matteoscrugli,17,
109,Macro editor,False,CLOSED,2021-04-29,2022-01-10,sezanzeb,32,feature request
110,Xinput plugin,False,CLOSED,2021-05-01,2021-05-02,gasdia73,3,
112,Cannot generate Mouse Button Events,False,CLOSED,2021-05-22,2021-05-29,igor-stoppa,2,
114,xmodmap on wayland,False,OPEN,2021-05-26,,hsantanna,7,"environment incompatibility,help wanted"
115,Improve README - add note regarding policykit,False,CLOSED,2021-05-26,2021-09-03,jose1711,3,
116,Notification for device being added/removed/mapped,False,OPEN,2021-05-26,,jose1711,1,feature request
117,Fails to run without policykit?,False,CLOSED,2021-05-27,2021-05-28,reidevries,5,
118,How to edit pressed key without injecting,False,CLOSED,2021-06-04,2021-06-05,anonimo82,9,
120,Tap and Hold binding for same button?,False,CLOSED,2021-06-06,2021-09-29,TRPB,4,
121,Halt waits in h() when key is released - enables different actions depending on key press length,True,CLOSED,2021-06-07,2021-09-29,TRPB,5,
122,rc-service key-mapper start - rc-service: service `key-mapper' does not exist,False,CLOSED,2021-06-07,2021-06-07,anonimo82,17,
123,Multiple devices with same name share the same macros,False,CLOSED,2021-06-07,2021-06-07,TRPB,9,
124,Feature request: trackball scroll wheel emulation,False,CLOSED,2021-06-08,2021-06-15,pranamd1,8,
125,Cursor not moving in postmarketos,False,CLOSED,2021-06-09,2021-06-09,anonimo82,14,
126,How to map ctrl hjkl as arrow keys,False,CLOSED,2021-06-12,2021-07-01,fecet,5,
127,Extended docs by foot pedals and keyboard scroll,True,MERGED,2021-06-15,2021-10-02,sarimak,10,
128,Framedrops in games for couple of seconds during injection,False,OPEN,2021-06-22,,saikat0511,7,"environment incompatibility,help wanted"
129,Add initial i18n support,True,MERGED,2021-06-28,2021-07-03,jose1711,0,
130,Add Slovak translation,True,MERGED,2021-06-28,2021-07-03,jose1711,0,
131,"Only keys that are assigned a mapping work as intended after injection, others are unresponsive",False,OPEN,2021-06-29,,WilliamHe23,8,"environment incompatibility,help wanted"
132,"Debug argument help can now be translated, add .pot template",True,MERGED,2021-07-03,2021-07-04,jose1711,0,
135,Document mapping field,False,CLOSED,2021-07-09,2021-07-09,slhck,7,
136,Adding mappings by hitting the output key/combination on any device,False,OPEN,2021-07-09,,sezanzeb,0,feature request
137,"Improve documentation mapping, fixes #135",True,MERGED,2021-07-09,2021-07-09,slhck,0,
140,key-mapper freezes external usb mouse and keyboard,False,OPEN,2021-07-12,,spi43984,26,"environment incompatibility,help wanted"
141,Create it_IT.po,True,MERGED,2021-07-12,2021-07-12,albanobattistella,1,
142,Won't Install,False,CLOSED,2021-07-13,2021-07-13,mtwb47,2,
143,fix typo in it_IT.po,True,MERGED,2021-07-13,2021-07-13,nlepage,1,
144,Cursor focus not detected with key-mapper,False,OPEN,2021-07-14,,robkam,17,"environment incompatibility,help wanted"
145,XCompose being ignored,False,CLOSED,2021-07-15,2021-07-22,jbsilva,1,
146,Restrict mappings to specific applications,False,CLOSED,2021-07-15,2021-07-15,vanillajonathan,1,
147,Help wanted from people who know X/Gnome/Wayland/KDE internals,False,OPEN,2021-07-17,,sezanzeb,2,help wanted
148,Razer DeathAdder Elite Mapping Issues,False,CLOSED,2021-07-18,2021-07-25,purpleshadows,3,
149,Update it_IT.po,True,MERGED,2021-07-18,2021-07-19,albanobattistella,0,
150,gettext dependency missing for the ubuntu/debian build,False,CLOSED,2021-07-21,2021-07-21,BitGrub,1,
151,missing macro info ? coming back from #104,False,CLOSED,2021-07-23,2021-07-25,pascualpobil,11,
152,Layout is changed on Apply,False,CLOSED,2021-07-24,2021-07-25,SebiTimeWaster,2,
153,How to macro an autofire,False,CLOSED,2021-07-25,2021-07-25,KayTaneJupiter,1,
154,"Autoload doesn't seem to work, but apply works fine",False,CLOSED,2021-07-27,2021-08-15,letterlock,7,
155,"Key mapping not working, nothing happens",False,CLOSED,2021-07-28,2021-07-31,kllmanu,3,
159,[Req] Priority setting / Ordering precedence of mappings,False,CLOSED,2021-08-03,2021-08-15,Gotolei,2,
160,Request: LED control,False,OPEN,2021-08-06,,cybermaus,11,feature request
161,key-mapper-control doesn't load presets,False,CLOSED,2021-08-09,2021-08-09,NoXPhasma,3,
162,Hold-keystroke doesn't work with mouse click,False,CLOSED,2021-08-13,2021-08-31,tukkek,3,
167,Use $HOME environment variable to find user's home.,True,CLOSED,2021-08-17,2021-08-31,pjamargh,7,
168,Led test,True,CLOSED,2021-08-19,2022-10-23,cybermaus,22,
170,Can't launch: Namespace Gtk not available (needed to install libgtk-3-dev),False,CLOSED,2021-08-19,2021-10-02,camsaul,2,
171,Fedora installation not working.,False,CLOSED,2021-08-21,2021-10-01,reesericci,6,
172,Final Step fails on Install (enabling service error) ,False,CLOSED,2021-08-24,2021-09-03,LaurentOngaro,11,
173,Add more user-friendly syntax for generating a series of keystrokes,False,OPEN,2021-08-25,,jose1711,4,"feature request,good first issue"
174,Update README.md,True,MERGED,2021-08-25,2021-08-26,rokkoyama,2,
175,Can't map wheel click on Razer DeathAdder Chroma,False,CLOSED,2021-08-29,2021-10-01,joebonneau,8,
176,Improve combinations involving modifiers,False,CLOSED,2021-08-31,2021-10-21,sezanzeb,2,feature request
177,Ways to help,False,OPEN,2021-08-31,,sezanzeb,0,help wanted
178,Use the appropriate user home directory.,True,MERGED,2021-08-31,2021-09-01,pjamargh,6,
180,Can't map broken keys,False,CLOSED,2021-09-03,2021-10-01,Mitchell128134,10,
181,Error trying to install on Fedora 34,False,CLOSED,2021-09-03,2021-09-23,ghost,20,
182,minor: fix grammar with logging error,True,MERGED,2021-09-06,2021-09-06,blueyed,1,
183,Space Cadet Shift,False,CLOSED,2021-09-17,2021-10-12,nan0tube,28,feature request
184,polkit-agent-helper-1: pam_authenticate failed: Permission denied,False,CLOSED,2021-09-18,2021-10-01,1m-N00b,2,
185,Copy input_id properties to forwarded,False,CLOSED,2021-09-18,2022-02-27,LPFchan,19,environment incompatibility
186,quotes or star/dollar,False,CLOSED,2021-09-27,2021-10-01,sezanzeb,2,
187,Logitech G-Keys showing as F-Keys (Logitech G910),False,CLOSED,2021-10-04,2021-10-12,Friday13th87,9,
191,Translations for offline docs,False,CLOSED,2021-10-12,2021-10-12,sezanzeb,4,
192,using ID_INPUT_* attributes of devices,False,OPEN,2021-10-12,,sezanzeb,2,
195,some mappings not available,False,CLOSED,2021-10-21,2021-10-21,figadore,5,
196,Automatically switching layouts ,False,CLOSED,2021-10-21,2021-10-21,WolfDeity,1,
197,Keyboard/mouse not working after reboot on arch based distros,False,CLOSED,2021-10-22,2021-11-22,saikat0511,33,
198,Give support to button holding lock,False,OPEN,2021-10-26,,CarlosEkisde,4,"feature request,good first issue"
199,Buttons suddenly unrecognized,False,CLOSED,2021-10-30,2021-10-31,laserburn,4,
200,"Wheel mapping stopped working, propagates only once",False,CLOSED,2021-11-04,2021-11-09,daitj,4,
201,Holding modifier stops modifying after combination macro,False,CLOSED,2021-11-04,2021-11-09,figadore,8,
202,macropad (duckyPad) shown as mouse device,False,CLOSED,2021-11-05,2021-11-09,jose1711,2,
203,Auto Profile option,False,CLOSED,2021-11-07,2021-11-07,mobedoor,4,
204,Python Install: No Module evdev,False,CLOSED,2021-11-08,2021-11-12,och4,4,
205,"""key-mapper keyboard"", ""key-mapper mouse"", etc. devices instead of ""mapped"" and ""forwarded""",False,CLOSED,2021-11-09,2022-01-14,sezanzeb,6,
206,Logitech MX master 2S - Secound scroll wheel is not showing up independent,False,CLOSED,2021-11-10,2021-11-12,Darudas,4,
207,Filtering/searching the mapping table,False,OPEN,2021-11-13,,guy-who-googles,4,feature request
208,key-mapper.service start operation timed out. Terminating.,False,CLOSED,2021-11-19,2021-11-26,actdiux,1,
209,Can we map a key to arbitrary unicode char?,False,CLOSED,2021-11-21,2021-11-21,academay,2,
210,Cyrillic symbols not getting injected,False,CLOSED,2021-11-21,2021-11-22,Fifis,10,
211,key mapper not start,False,CLOSED,2021-11-24,2021-11-24,vadim212112,1,
212,Autoloading not working on sway,False,CLOSED,2021-11-25,2021-11-26,chorriwuarri,26,
213,"Installing from release tarball with setup.py fails - ""not a git repository""",False,CLOSED,2021-11-26,2021-11-26,adeadman,7,
216,loading configuration failed,False,CLOSED,2021-11-27,2021-11-28,pablokal,9,
217,"Can't open the GUI if user is not part of the ""input"" group",False,CLOSED,2021-11-28,2021-11-28,lululock71,7,
218,"Rename to ""keycode-mapper""?",False,CLOSED,2021-11-28,2022-01-01,sezanzeb,21,opinion wanted
219,allow autoload command to execute if `config_dir` is provided,True,CLOSED,2021-11-30,2022-10-23,tmclane,4,
220,xmodmap should be a recommended dependency,False,OPEN,2021-11-30,,FrauH0lle,6,
221,Using Control_L + Alt_L as modifiers requires a waiting time for key to be inserted on Wayland,False,CLOSED,2021-11-30,2022-11-12,FrauH0lle,15,
222,"Detected name showing up as ""unknown"" in GUI",False,CLOSED,2021-12-02,2021-12-02,jose1711,5,
223,Keys on Jabra headphones not detected,False,OPEN,2021-12-02,,jose1711,7,bug
224,Getting the currently injected profile via key-mapper-control,False,OPEN,2021-12-03,,sezanzeb,0,"feature request,good first issue"
225,Python sources for key-mapper deleted during Fedora upgrade 34 -> 35,False,CLOSED,2021-12-05,2022-03-25,byron-hawkins,4,
226,Getting Confusing Feedback,False,OPEN,2021-12-06,,x4dr,0,
228,Independent uinput,True,MERGED,2021-12-08,2022-01-14,jonasBoss,24,
229,Combinations involving Modifiers on Wayland. Modifier key not released.,False,CLOSED,2021-12-10,2022-11-12,petrstepanov,7,
230,Independent uinput proposals,True,CLOSED,2021-12-10,2021-12-29,sezanzeb,1,
231,After upgrading python to 3.10 Key-Mapper is not working anymore,False,CLOSED,2021-12-12,2021-12-13,TheTRCG,28,
232,Refactored Migrations,True,MERGED,2021-12-13,2021-12-15,jonasBoss,5,
234,Running applications,False,OPEN,2021-12-14,,sezanzeb,4,feature request
238,"key-mapper does not work in all software, but why?",False,CLOSED,2021-12-22,2021-12-22,daniel88kary,2,
239,Renamed to Input Remapper,True,MERGED,2021-12-23,2022-01-01,sezanzeb,0,
240,Feature question/request: Different actions on press and release of a button,False,CLOSED,2021-12-28,2021-12-28,PixelSam123,3,
241,Alt + left shortcut,False,CLOSED,2021-12-28,2022-02-08,payne989,6,
242,F11 + shift_L or F11 + shift_R,False,CLOSED,2021-12-28,2021-12-29,sonwh98,4,
243,Home row mods fine tune,False,OPEN,2021-12-29,,br-lemes,6,
246,Improve tests,False,CLOSED,2021-12-29,2026-09-12,sezanzeb,10,
247,Renaming the preset in the gui does not update the preset in the autoload section in config.json,False,CLOSED,2021-12-31,2021-12-31,michael-oti,2,
248,Key Mapper was renamed to Input Remapper,False,CLOSED,2022-01-01,2022-06-09,sezanzeb,4,announcement
252,Global profiles + Quick Switching profiles,False,OPEN,2022-01-10,,kawazoe,3,feature request
253,failing tests in main branche,False,CLOSED,2022-01-11,2022-01-11,jonasBoss,4,
256,could not open uinput device in write mode,False,CLOSED,2022-01-14,2022-02-03,xyamazing69,2,
257,the ui no longer records keycodes if the preset is active,True,MERGED,2022-01-14,2022-01-16,jonasBoss,7,
258,Alphanumeric events not working without prefixing KEY_,False,OPEN,2022-01-15,,saikat0511,15,
261,Ship keycode-symbol mapping files for various locales for systems without xmodmap,False,OPEN,2022-01-16,,sezanzeb,2,feature request
262,"reuse existing forwarded uinput, don't regrab",False,OPEN,2022-01-17,,sezanzeb,0,feature request
263,Refactored injection,True,MERGED,2022-01-17,2022-04-17,jonasBoss,30,
264,Use tempfiles instead of hardcoded /tmp,True,MERGED,2022-01-17,2022-01-17,LunNova,6,
265,Use non-zero exit code if tests fail,True,MERGED,2022-01-17,2022-01-17,LunNova,1,
266,Run unittests via ci pipeline,False,CLOSED,2022-01-17,2022-02-08,sezanzeb,2,
267,Add github actions workflows,True,MERGED,2022-01-18,2022-02-07,LunNova,16,
268,Key-Mapper,False,CLOSED,2022-01-18,2022-01-21,DarkMustang,2,
269,Add python3-devel requirement to installation instructions for pip,False,CLOSED,2022-01-22,2022-01-22,hanscje,1,
270,`BTN_BACK` and `BTN_FORWARD` seem to do nothing,False,CLOSED,2022-01-23,2022-02-02,Munzu,2,
274,Buttons do not work after restart,False,OPEN,2022-01-27,,mohapatra-sambit,28,
275,Renaming and minor stuff,True,MERGED,2022-01-29,2022-01-31,jonasBoss,3,
276,Crashes after a short amount of time with rapid keypressing.,False,CLOSED,2022-01-30,2022-02-02,Doxmiatoo,9,
277,fixes bug #276,True,MERGED,2022-01-30,2022-01-31,jonasBoss,0,
278,"Checked out repo, app will not launch due to keyword argument error",False,CLOSED,2022-02-02,2022-02-02,lbattraw,6,
279,fix python 3.8 compatability #278,True,CLOSED,2022-02-02,2022-02-02,jonasBoss,5,
280,fix compatability with python 3.8 #278,True,MERGED,2022-02-02,2022-02-02,jonasBoss,0,
281,downgrading,False,CLOSED,2022-02-02,2022-02-02,MostHated,9,
282,Mouse wheel events not working when cursor is moving,False,OPEN,2022-02-03,,zareami10,12,environment incompatibility
283,"Add pydantic dependency to aur, readme and deb",False,CLOSED,2022-02-03,2022-02-03,sezanzeb,0,
284,Show error in the gui if target cannot handle the macro,False,OPEN,2022-02-03,,sezanzeb,0,
285,Add Slovak translation for polkit message.,True,MERGED,2022-02-05,2022-02-05,jose1711,1,
286,Style: Remove extra comma in the DEBIAN control file,True,MERGED,2022-02-06,2022-02-06,nouraldeenm0,0,
287,Remap modifiers when released only (keeping its function untouched),False,CLOSED,2022-02-06,2022-02-08,jose1711,6,
288,Improve i18n,True,MERGED,2022-02-07,2022-02-08,jose1711,9,
289,Update Slovak translation.,True,MERGED,2022-02-07,2022-02-08,jose1711,1,
290,Debounce syntax check while typing macro,False,CLOSED,2022-02-08,2023-02-20,jose1711,14,good first issue
291,"Changed otherwise to else in macros, added migration",True,MERGED,2022-02-08,2022-02-08,sezanzeb,0,
292,"Key acting normally if pressed alone, as modifier if combined",False,OPEN,2022-02-08,,jose1711,6,
295,Looks like part of the text is missing in usage.md,False,CLOSED,2022-02-11,2022-02-12,jose1711,1,
296,keys get stuck when profile is changed while being held,False,CLOSED,2022-02-11,2023-02-20,DreadPirateLynx,4,
297,Disable/Grey-out buttons that can (currently) not be used,False,CLOSED,2022-02-12,2022-02-12,hoijui,1,
298,Greying out the key recording toggle,True,MERGED,2022-02-12,2022-02-12,sezanzeb,0,
299,keymap with Alt_L not working,False,CLOSED,2022-02-12,2022-02-18,im-AMS,6,
300,slow reaction when hitting key combination,False,OPEN,2022-02-16,,jonasfrey,14,environment incompatibility
301,"Command for ""right_arrow"" key",False,CLOSED,2022-02-17,2022-02-17,vishalgautama,1,
302,mouse acceleration being enabled with injection,False,OPEN,2022-02-17,,martinside,4,
303,Control L + Left as Home not working,False,CLOSED,2022-02-17,2022-02-27,sasaandonov,2,
306,Some tests can fail under high CPU load,False,OPEN,2022-02-18,,LunNova,3,
307,Feature: Compatability with Karabiner-Elements?,False,CLOSED,2022-02-19,2022-02-22,im-AMS,2,
308,Quotation Marks,False,CLOSED,2022-02-20,2022-02-20,MatheusFerreiraL,4,
309,Complex remaps with capslock key?,False,CLOSED,2022-02-20,2022-04-21,AMS-2000,8,
310,Macros consisting of multiple devices,False,OPEN,2022-02-20,,ghost,10,feature request
311,Can't remap PS/2 to USB adapted keyboard. ,False,CLOSED,2022-02-22,2022-02-22,jlnxr,3,
312,combination macro,False,CLOSED,2022-02-23,2022-03-03,sezanzeb,1,good first issue
314,"Mapping to "" "" caused problems, general test improvements",True,MERGED,2022-02-26,2022-02-26,sezanzeb,0,
315,Parse understands that strings are not macros,True,MERGED,2022-02-26,2022-02-26,sezanzeb,0,
316,Fixed false positive if plus-syntax in comment,True,MERGED,2022-02-26,2022-02-26,sezanzeb,0,
317,Namespace GtkSource not available,False,CLOSED,2022-02-27,2022-03-03,vadim212112,2,
318,Recording multimediakeys,True,MERGED,2022-02-27,2022-02-27,sezanzeb,0,
319,Copy props to the forwarded UInput,True,MERGED,2022-02-27,2022-02-27,sezanzeb,0,
320,"Added hold_keys, rearranged test imports, removed deprecated macro capability tracking",True,MERGED,2022-02-27,2022-03-03,sezanzeb,0,
321,Ghost gamepad in dev/input,False,CLOSED,2022-02-28,2022-03-17,Yueh72,19,
322,Unable to work with input-remapper-control when a preset has Auto Load,False,CLOSED,2022-02-28,2022-03-03,Zorrototo,6,bug
323,Mouse keys not recogized,False,OPEN,2022-02-28,,ghost,9,
324,Joystick and Dpad not working while injection running,False,OPEN,2022-03-01,,Shakkaw,18,
325,"On chromium/electron based apps, injections doesn't work as expected",False,OPEN,2022-03-01,,pauromateusu,20,environment incompatibility
326,Failed to start input-mapper.service due to: TypeError: dataclass() got an unexpected keyword argument 'slots',False,CLOSED,2022-03-02,2022-03-03,wkoszycki,3,
327,ensure `_commands` and `_results` pipes are empty before helper starts,False,CLOSED,2022-03-02,2022-05-07,sezanzeb,1,
328,Button hold event does not get transmitted or generated,False,OPEN,2022-03-02,,fiveHourNap,1,environment incompatibility
329,Not copying source.phys anymore,True,MERGED,2022-03-03,2022-03-03,sezanzeb,0,
330,[Feature Request] Run Terminal commands/Open Applications,False,CLOSED,2022-03-04,2022-03-04,im-AMS,1,
331,Debounce when typing,True,CLOSED,2022-03-07,2022-05-07,kearkyle,29,
332,ModuleNotFoundError: No module named 'inputremapper.gui.gettext',False,CLOSED,2022-03-08,2022-03-08,ddziech,1,
335,Defaulting keystroke_sleep_ms to 0?,False,OPEN,2022-03-11,,Doxmiatoo,24,
336,'InputDevice' object has no attribute 'input_props',False,CLOSED,2022-03-12,2022-03-17,basta,11,
337,Update usage.md,True,MERGED,2022-03-12,2022-03-12,sezanzeb,0,
338,Auto load conflicts and profiles not being applied consistently,False,CLOSED,2022-03-12,2022-03-16,prismatic-koi,6,
339,Lazy-Loading global uinputs,True,MERGED,2022-03-15,2022-03-17,sezanzeb,0,
340,Can't pip install in Gentoo,False,CLOSED,2022-03-16,2022-03-25,tunerooster,10,
341,Fix for missing input_props attribute,True,MERGED,2022-03-17,2022-03-17,sezanzeb,1,
342,"transform ""+"" syntax into hold_keys macro instead",False,CLOSED,2022-03-17,2022-05-07,sezanzeb,0,good first issue
343,failed to apply preset,False,CLOSED,2022-03-18,2022-03-18,moebek,1,
344,Fixed input_props unknown in UInput constructor ,True,MERGED,2022-03-18,2022-03-18,sezanzeb,1,
345,OverflowError,False,CLOSED,2022-03-18,2022-03-18,moebek,4,
346,Instructing python-evdev upgrade,True,MERGED,2022-03-18,2022-03-18,sezanzeb,0,
347,Pycharm shortcut for test_control not working,False,OPEN,2022-03-19,,jonasBoss,0,
348,Trigger an action if the key is PRESSED only,False,CLOSED,2022-03-20,2022-03-20,JeffersonTeixeira,3,
349,PermissionError in chown of reader-helper-pipe,False,OPEN,2022-03-20,,zomen2,11,
350,Namespace GtkSource not available,False,CLOSED,2022-03-21,2022-03-22,LCARngr,2,
351,Added installation guide for `fedora`,True,CLOSED,2022-03-22,2024-09-26,pourmand1376,7,
352,"""ValueError: Invalid file descriptor: -1"" after --list-devices",False,CLOSED,2022-03-22,2022-03-25,DreadPirateLynx,1,
353,"Backtick, dead acute, gravis - with a single hit",False,CLOSED,2022-03-24,2022-03-25,KoljaL,3,
354,Wheel events not smooth,False,OPEN,2022-03-25,,marcsabat,30,
355,Mapping Horizontal Scroll,False,CLOSED,2022-03-25,2022-03-28,jlnxr,1,
356,"Add 2 missing strings for translation, regenerate .pot.",True,MERGED,2022-03-27,2022-03-27,jose1711,0,
357,"Binding mouse left click gives ""This would disable your click button""",False,CLOSED,2022-03-27,2022-03-27,git-iso,4,
358,Sensitivity reset after injection,False,CLOSED,2022-03-28,2026-05-10,zerowhybr,9,environment incompatibility
359,Helper doesn't receive any commands,False,CLOSED,2022-03-28,2022-11-05,drhayes,19,
360,"""Emoji key"" not getting injected - Microsoft Designer Compact Keyboard",False,CLOSED,2022-03-29,2023-03-04,rimko,2,
361,No refresh Button for new Devices,False,CLOSED,2022-04-01,2022-04-02,Flammly14,1,
362,Support for ostree based operating systems (Fedora Silverblue for example),False,OPEN,2022-04-08,,TSonono,4,
363,feat: add Simplified Chinese translation,True,MERGED,2022-04-09,2022-04-09,everyx,1,
364,Autoloading not working,False,CLOSED,2022-04-10,2022-04-21,johntria,8,
365,input-remapper-control UnicodeDecodeError,False,CLOSED,2022-04-11,2022-04-14,JD-Howard,7,
366,More robust log file trimming,True,MERGED,2022-04-12,2022-04-15,sezanzeb,0,
368,what is wheel code,False,CLOSED,2022-04-14,2022-04-19,lodexx0,2,
369,Add `RequiresMountsFor=/var/log` to systemd unit,True,MERGED,2022-04-14,2022-04-15,rocketraman,10,
370,Hiding irrelevant permission denied error log,True,MERGED,2022-04-16,2022-04-16,sezanzeb,0,
371,Some formatting,True,MERGED,2022-04-17,2022-04-18,sezanzeb,2,
372,"Gui works fine but nothing changes after pressing ""apply"".",False,CLOSED,2022-04-19,2022-06-05,rcgalvao,2,
373,do not install under the old name any more,True,MERGED,2022-04-19,2023-03-02,mjg,3,
374,High CPU use on idle,False,OPEN,2022-04-19,,whudson,14,help wanted
375,Frontend Refactor,True,MERGED,2022-04-20,2022-07-23,jonasBoss,15,
376,workaround for old pydantic version,True,MERGED,2022-04-20,2022-04-21,jonasBoss,0,
377,Update usage docs for beta,False,CLOSED,2022-04-21,2022-10-29,sezanzeb,0,
378,Repeat macro until key pressed again,False,OPEN,2022-04-21,,sezanzeb,3,feature request
379,local variables,False,OPEN,2022-04-21,,sezanzeb,5,feature request
380,Map REL_X/Y to wheel events,False,OPEN,2022-04-25,,akerge,4,feature request
381,[Needs Investigation] Losing mouse left and right click after a night of idling the computer,False,CLOSED,2022-04-25,2022-05-03,Zorrototo,6,
382,`while_single` macro or `ignore_release` parameter,False,OPEN,2022-04-28,,supertriodo,14,feature request
383,Allow mapping mouse drag lock,False,CLOSED,2022-04-28,2022-04-30,thiagoa,3,
384,Improved check if system is completely booted,True,MERGED,2022-05-01,2022-05-05,sezanzeb,0,
385,add `None` keyword,False,CLOSED,2022-05-03,2022-05-07,sezanzeb,0,feature request
386,use ; instead of . for function chaining?,False,OPEN,2022-05-03,,sezanzeb,0,
387,Improved logs for communication with the Helper,True,MERGED,2022-05-04,2022-05-05,sezanzeb,0,
388,add `key_down` and `key_up`,False,CLOSED,2022-05-04,2022-05-07,sezanzeb,0,feature request
389,"create ""beta"" AUR package",False,CLOSED,2022-05-04,2022-05-08,sezanzeb,3,packaging
390,investigate behavior when suspending or hibernating,False,OPEN,2022-05-04,,sezanzeb,10,help wanted
391,`key_down` and `key_up` macros,True,MERGED,2022-05-07,2022-05-07,sezanzeb,0,
392,"Parsing `a + b` to `hold_keys(a, b)`",True,MERGED,2022-05-07,2022-05-07,sezanzeb,0,
393,Added `None` keyword,True,MERGED,2022-05-07,2022-05-07,sezanzeb,0,
394,Macro syntax check when typing,True,MERGED,2022-05-07,2022-05-07,sezanzeb,0,
395,"Revert ""Macro syntax check when typing""",True,MERGED,2022-05-07,2022-05-07,sezanzeb,1,
396,Clearing pipes on creation,True,MERGED,2022-05-07,2022-05-07,sezanzeb,0,
397,"Improved macro exception handling, keystroke sleep cleanup",True,MERGED,2022-05-08,2022-05-08,sezanzeb,2,
399,Merge branch 'main' into beta,True,MERGED,2022-05-10,2022-05-11,jonasBoss,2,
400,Tests don't reset global object `reader` properly,False,OPEN,2022-05-13,,jonasBoss,0,
401,Ctrl+Right click,False,CLOSED,2022-05-14,2022-06-16,NikitaGolovaniuk,11,
402,Internal keyboard & touchpad stop working randomly until next restart,False,OPEN,2022-05-16,,RatnadeepBiswakarma,31,
403,Can't configure button in citrix vdi virtual machine,False,OPEN,2022-05-17,,sezanzeb,0,
404,Github Actions not installing data correctly,False,CLOSED,2022-05-17,2022-05-17,jonasBoss,3,
405,Fix #404,True,MERGED,2022-05-17,2022-05-17,jonasBoss,1,
407,Hotkeys for Device & Preset Selections and Arrangement of Keys,False,OPEN,2022-05-21,,och4,3,
408,"Xbox Elite Series 2 Via bluetooth paddles is ""unknown""",False,OPEN,2022-05-21,,3ibod,9,
409,Global autoload profile,False,OPEN,2022-05-25,,everyx,4,feature request
410,when installed on Librem5(PureOS) pulseaudio does not load,False,CLOSED,2022-05-25,2022-06-11,chri2,3,
411,Leaking REL_WHEEL_HI_RES events,False,CLOSED,2022-05-27,2022-06-09,pviscone,15,
412,KEY_QUESTION not being mapped to Control L + Slash( hyper X alloy origins 60%),False,CLOSED,2022-06-01,2022-06-09,juanlet,2,
413,Can anyone give me wheel code example?,False,CLOSED,2022-06-04,2022-06-07,lodexx0,2,
414,Ignoring audio devices in udev,True,MERGED,2022-06-05,2022-06-11,sezanzeb,0,
415,Remapper stopped working in Ubuntu 22.04 when in Gnome Overview,False,CLOSED,2022-06-06,2024-04-01,sojusnik,10,environment incompatibility
416,[NewUser] Combine CapsLock with another key,False,CLOSED,2022-06-06,2022-06-11,MatheusFerreiraL,2,
417,"Added ""keyboard + mouse"" target device",True,MERGED,2022-06-11,2022-06-16,sezanzeb,0,
418,Removed logging filehandlers,True,MERGED,2022-06-11,2022-06-11,sezanzeb,1,
419,ModuleNotFoundError: No module named 'inputremapper',False,CLOSED,2022-06-18,2022-06-28,supertriodo,5,
420,"Install doesn't work in Ubuntu 18.04 bionic due to 2 unsatisfyable dependencies - libgtksourceview-4-dev, python3-pydantic",False,CLOSED,2022-06-21,2022-06-28,sglajchEG,3,
421,Merge main into beta,True,MERGED,2022-06-24,2022-06-25,jonasBoss,8,
422,Beta main merge,True,MERGED,2022-06-25,2022-06-25,sezanzeb,3,
424,Version 1.5 stop working randomly,False,CLOSED,2022-07-01,2022-07-02,darkfrank-it,3,
425,Slow/Precision function for trackballs,False,OPEN,2022-07-06,,dehen,1,
426,input-remapper service error since I updated from python 3.9 to python 3.10 (gentoo) - It was working fine with python 3.9,False,CLOSED,2022-07-06,2022-07-07,Mat9999,10,
427,Add `toggle` macro,True,OPEN,2022-07-09,,sezanzeb,7,
429,Doesn't work in Ubuntu Desktop 20.04,False,CLOSED,2022-07-14,2023-08-17,DavidATapia,8,
430,Razer Naga Trinity - no remapping happens,False,CLOSED,2022-07-15,2022-07-15,tbe,1,
431,input-remapper dies with Razer Trinity,False,CLOSED,2022-07-15,2022-07-16,bmstettin,2,
432,i need to apply the key after a reboot,False,CLOSED,2022-07-18,2022-11-05,alavaelian,10,
433,Mouse to joystick,False,CLOSED,2022-07-19,2022-12-02,Abalthazarr,3,
434,Side buttons not working,False,CLOSED,2022-07-22,2022-07-22,tukanoidd,3,
435,undefined behaviour if multiple devices in the same group have similar capabilities (beta),False,CLOSED,2022-07-22,2022-12-15,jonasBoss,8,
436,Trying to remap right control to middle click,False,CLOSED,2022-07-22,2022-07-22,AVDambeck,2,
437,input-remapper disables joystick pass through,False,CLOSED,2022-07-22,2022-07-24,tfulmer1,15,
438,Difficulties mapping buttons in beta gui,False,CLOSED,2022-07-23,2022-07-23,sezanzeb,3,
439,Minor GUI Layout Improvements,True,MERGED,2022-07-23,2022-07-23,sezanzeb,0,
440,AbsToAbsHandler,True,MERGED,2022-07-23,2022-07-25,jonasBoss,2,
441,Injection fails with ALT_L mapped to SHIFT_L (beta),False,CLOSED,2022-07-24,2022-07-25,jonasBoss,18,
442,RelToAbs,True,MERGED,2022-07-25,2022-10-02,jonasBoss,12,
444,Cannot disable entire axis due to mapping validation (beta),False,CLOSED,2022-07-26,2023-02-20,jonasBoss,1,
445,Name input for mapping name does not respond to ESC key (beta),False,CLOSED,2022-07-26,2023-02-20,jonasBoss,1,good first issue
446,"""disable"" code is missing in Autocompletion",False,CLOSED,2022-07-26,2023-02-24,jonasBoss,0,good first issue
447,"on portuguese keyboard can't remap º to /, but can remap a to b",False,CLOSED,2022-07-27,2022-11-12,nickyspag,4,
448,Custom config directory ,False,CLOSED,2022-07-29,2025-11-15,tpeacock19,2,"feature request,good first issue"
449,.deb release: unknown compression for member 'control.tar.zst',False,OPEN,2022-07-30,,ZeRenCZ,2,packaging
450,pkexec command not found,False,CLOSED,2022-08-03,2022-09-19,KayTaneJupiter,1,
452,not all buttons fn-lockable keyevents are catchable in gui,False,CLOSED,2022-08-07,2022-09-19,Strolchii,2,
453,Wheel not sending key per event,False,OPEN,2022-08-09,,RalekArts,1,
454,Starting injection resets mouse sensitivity.,False,CLOSED,2022-08-09,2026-05-10,RalekArts,3,environment incompatibility
457,All macro keys on Alienware keyboard are detected as the same (EV_MSC not supported),False,OPEN,2022-08-22,,rodrigopedra,13,
458,Improved Test Fixtures,True,MERGED,2022-08-24,2022-08-28,jonasBoss,0,
459,AUR apparently broken,False,CLOSED,2022-08-24,2022-09-03,sezanzeb,3,"help wanted,packaging"
462,cant remap scroll,False,CLOSED,2022-08-25,2022-09-19,NiiightmareXD,2,
466,"Failed to start, python file error ",False,CLOSED,2022-09-02,2022-09-03,AloyFoxy,2,
467,catching all exceptions,True,MERGED,2022-09-03,2022-09-03,sezanzeb,0,
468,Unclear Error Messages (Beta),False,CLOSED,2022-09-03,2023-02-27,jonasBoss,5,
471,usage.md is missing the section on key mappings,False,CLOSED,2022-09-03,2022-09-09,generous-turd,2,
472,Unable to remap 'r' to '-',False,CLOSED,2022-09-04,2022-09-09,pcallycat,1,
473,"GUI Redesign based on libadwaita and multiple ""pages""",False,CLOSED,2022-09-09,2022-10-16,sezanzeb,12,
477,"Allow user to set ""Trigger Threshold"" to 0 when mapping mouse axis to keyboard",False,CLOSED,2022-09-15,2022-10-01,ziontee113,2,
478,Remapping CTRL_L + W to CTRL_R + Delete doesn't work,False,CLOSED,2022-09-15,2022-09-16,AlexMnrs,2,
479,Build script is not working on Linux MX ,False,OPEN,2022-09-17,,sergiymaksymenko,3,
480,Application packages don't contain architecture in file name,False,CLOSED,2022-09-20,2022-09-27,TerrorSquad,3,
483,Can't map $ ^ * %,False,CLOSED,2022-09-24,2022-09-25,LoneExile,2,
484,UI 3,True,MERGED,2022-10-02,2022-10-16,sezanzeb,15,
485,UI 3,True,CLOSED,2022-10-02,2022-10-02,sezanzeb,0,
486,multi-device-combination problems on ROTTAY numeric keypad,False,CLOSED,2022-10-08,2022-10-09,JackElsey,4,
487,Added ru_RU translation and adjusted ru text for policykit file,True,MERGED,2022-10-08,2022-10-09,yngmjgsd,5,
488,Support short locale names,False,CLOSED,2022-10-09,2022-10-11,sezanzeb,2,packaging
489,Can't remap LEFTCTRL + N,False,CLOSED,2022-10-10,2022-10-11,yetone,1,
490,Disable virtual gamepad,False,CLOSED,2022-10-11,2022-10-12,bladeSk,2,
492,Feature request: mouse scroll wheel speed,False,CLOSED,2022-10-12,2022-10-13,izzylaif,1,
494,"increment/decrement variable (""add"" macro)",False,CLOSED,2022-10-16,2022-10-23,nelsam,1,feature request
495,"Automatically set ""Use as analog"" if output is analog",False,CLOSED,2022-10-16,2023-02-24,sezanzeb,1,
496,`add` macro,True,MERGED,2022-10-17,2022-10-23,sezanzeb,1,
497,RelToRel,True,MERGED,2022-10-17,2022-11-01,sezanzeb,14,
500,Run python scripts as unprivileged user instead of macros,False,OPEN,2022-10-18,,sezanzeb,15,
501,"If there is no input to the UI for a long time, stop the helper",False,CLOSED,2022-10-18,2022-11-11,sezanzeb,0,
502,use global config in _convert_to_individual_mappings,False,OPEN,2022-10-21,,sezanzeb,0,
505,Translation for Ukrainian,True,MERGED,2022-10-21,2022-11-14,coffebar,14,
506,Hide window-control buttons in tiling wms,False,CLOSED,2022-10-22,2022-10-22,coffebar,4,
507,Device names containing `/` cause problems,False,CLOSED,2022-10-22,2022-10-29,jonasBoss,6,
508,Fix #507,True,MERGED,2022-10-22,2022-10-29,jonasBoss,5,
509,Don't allow illegal characters in preset name,False,CLOSED,2022-10-22,2022-11-06,sezanzeb,1,good first issue
510,Explain architecture in docs,True,MERGED,2022-10-22,2022-10-23,sezanzeb,4,
515,combinations not working in Hyprland,False,CLOSED,2022-10-24,2022-10-30,herlev,9,environment incompatibility
516,reduced number of mapping parameters,True,MERGED,2022-10-26,2022-10-27,jonasBoss,0,
517,Ignores five buttons out of entire keypad.,False,CLOSED,2022-10-27,2022-11-03,beaverrrr,8,
518,Consistent OS crashing after installing on Ubuntu 22.04,False,CLOSED,2022-10-28,2022-10-28,mxgrey,3,
519,Making ReaderService terminate automatically after some time,True,MERGED,2022-10-28,2022-11-11,sezanzeb,5,
522,Record EV_REL input rates when creating mappings,False,OPEN,2022-10-29,,sezanzeb,1,
523,AUR installation fails,False,CLOSED,2022-10-30,2022-11-01,Munzu,55,
524,Prevent the daemon from choking with unsanitary device names,True,MERGED,2022-10-31,2022-11-01,tsantzi,2,
525,Sanitize preset name,True,MERGED,2022-11-01,2022-11-01,sezanzeb,1,
526,Port GUI to qt,False,OPEN,2022-11-01,,sezanzeb,13,help wanted
527,High CPU load when unplugging injected device,False,CLOSED,2022-11-01,2022-11-11,TacticalCode,3,
528,help needed with mouse buttons Mapping (sorry),False,CLOSED,2022-11-02,2022-11-04,NickTheOnlyNeko,2,
529,Problem with installation on Almalinux,False,CLOSED,2022-11-03,2022-11-03,theorin,4,
530,"the output_symbol ""t"" is not a valid keycode-name",False,OPEN,2022-11-04,,Logical-sh,5,
531,Not writing empty xmodmap files anymore,True,MERGED,2022-11-05,2022-11-05,sezanzeb,0,
532,Clash with input-remapper-daemon.service,False,CLOSED,2022-11-06,2022-11-11,ghost,14,
533,Option to swap left and right mouse buttons for left hand mouse usage,False,CLOSED,2022-11-08,2022-11-08,mcarans,4,
534,"How to do detect the mouse button being held down, mouse moved and then let go (as opposed to clicked)?",False,CLOSED,2022-11-08,2022-11-09,mcarans,1,
535,"input-mapper ERROR: Don't know what ""#"" is",False,CLOSED,2022-11-09,2022-11-09,andrejvanderzee,2,
536,"Pylint, typehints",True,MERGED,2022-11-12,2022-11-12,sezanzeb,0,
537,Fedora packaging,False,OPEN,2022-11-12,,Sinthoras7,22,"help wanted,packaging"
538,"Unable to install input-remapper (Fresh Arch install, from package input-remapper-git)",False,CLOSED,2022-11-12,2023-05-23,trm109,8,
539,Translations,False,OPEN,2022-11-14,,sezanzeb,4,help wanted
542,Remapping does not work,False,CLOSED,2022-11-16,2023-03-26,alxpl,12,
543,typo (wich -> which),False,CLOSED,2022-11-17,2022-11-19,jose1711,2,
544,Keyboard key injection not working in latest beta branch,False,CLOSED,2022-11-17,2023-02-17,jose1711,13,
545,"Add translation instructions, update pylint commands",True,MERGED,2022-11-17,2022-11-20,sezanzeb,0,
546,Recording output,False,CLOSED,2022-11-17,2022-11-22,sezanzeb,3,feature request
547,Make an autoclicker with start and stop,False,CLOSED,2022-11-18,2025-10-19,supertriodo,15,"feature request,good first issue"
548,Add more i18n strings.,True,MERGED,2022-11-18,2022-11-19,jose1711,1,
549,Showing the input during GUI usage,True,MERGED,2022-11-19,2022-11-20,sezanzeb,0,
550,Input event with origin,True,MERGED,2022-11-20,2022-12-15,jonasBoss,9,
551,Debounce saving in editor,True,CLOSED,2022-11-20,2022-11-26,sezanzeb,2,
552,"Mapping ""disable"" to a mouse button creates errors, but then works",False,CLOSED,2022-11-21,2022-11-23,31337-4554551n,2,
553,Disable a button unless a specific device is connected,False,OPEN,2022-11-21,,31337-4554551n,1,feature request
554,Griffin Powermate,False,CLOSED,2022-11-21,2022-11-23,bennypowers,8,
555,Python311,True,MERGED,2022-11-22,2022-11-24,jonasBoss,0,
556,#552 Strip output symbol,True,MERGED,2022-11-23,2022-11-23,sezanzeb,0,
557,test setup cleanup,True,MERGED,2022-11-23,2022-11-23,sezanzeb,0,
558,Right alt (ISO_Level3_Shift) do not work as a modifier,False,CLOSED,2022-11-24,2022-11-24,Spiralo-Idioide,1,
559,"service not starting on arch linux due to ""g-dbus-error-quark: GDBus.Error:org.freedesktop.DBus.Error.AccessDenied""",False,CLOSED,2022-11-27,2022-11-29,ghost,19,
560,"how do I remap a mouse button to do a double-click and another button to ""go back""?",False,CLOSED,2022-11-28,2022-12-01,ambassader,7,
561,Mapping button to command,False,CLOSED,2022-11-29,2022-11-30,lcsfox,1,
564,Pipelines are not passing anymore,False,CLOSED,2022-12-02,2022-12-02,sezanzeb,2,
565,Github Actions are broken,False,CLOSED,2022-12-02,2022-12-02,jonasBoss,2,
566,Use upgrade force-reinstall for setuptools for #564,True,MERGED,2022-12-02,2022-12-02,LunNova,2,
567,The pipe key seems to be mising,False,CLOSED,2022-12-03,2022-12-07,blurymind,1,
568,Devices for physical buttons not listed,False,CLOSED,2022-12-04,2022-12-06,Spiralo-Idioide,5,
569,UI: improve recording for devices with analog axes,False,OPEN,2022-12-06,,kermitfrog,4,feature request
570,UI: add button to use captured value for output,False,OPEN,2022-12-06,,kermitfrog,3,"UX,feature request"
571,Inherit mappings,False,OPEN,2022-12-06,,sezanzeb,0,feature request
572,Asymetric Axis are not properly supported,False,OPEN,2022-12-06,,adam-kulagowski,6,feature request
573,Provide a .deb file with an older compression (don't use zst),False,CLOSED,2022-12-07,2023-03-04,bybor,3,"help wanted,packaging"
574,remap only in one programm,False,CLOSED,2022-12-11,2022-12-12,mikdmst1,2,
576,use gzip compression for wider compatibility,True,MERGED,2022-12-12,2022-12-12,kohend,1,
577,`release_combination_keys` does not always forward to the correct device (beta),False,CLOSED,2022-12-14,2023-03-04,jonasBoss,1,
578,Fix CombinationHandler releasing,True,MERGED,2022-12-15,2023-02-19,sezanzeb,18,
579,Input not suppressed,False,OPEN,2022-12-17,,Hackgets,3,
581,Razer Basilisk V3 Button not recognized,False,OPEN,2022-12-22,,NickTheOnlyNeko,8,
582,"""journalctl"" not aviable for all OSes.",False,OPEN,2022-12-22,,Techwolf,2,packaging
583,Remap to a custom key,False,CLOSED,2022-12-25,2023-01-07,Equinoxx4978,1,
586,Every Key on the qwertz layout that is different from the qwerty layout does not get remapped at all ,False,CLOSED,2022-12-26,2022-12-29,QuirinR33,6,
588,systemd-udevd services is getting failed with exit code 2 warning,False,OPEN,2023-01-04,,tukanos,3,
589,How do I set the remapping to do PrtScr? ,False,CLOSED,2023-01-07,2023-02-12,mateowoetam,5,
590,Mouse button scrolling support ?,False,OPEN,2023-01-08,,miradnanali,3,
591,Can't uninstall Input Remapper 1.4 ,False,OPEN,2023-01-09,,ambassader,1,packaging
592,Single-Threaded Service,True,OPEN,2023-01-10,,jonasBoss,6,
593,Beta ru_RU translation,True,MERGED,2023-01-11,2023-01-11,yngmjgsd,1,
594,Custom config directory using XDG_CONFIG_HOME environment variable for #448,True,CLOSED,2023-01-12,2023-01-12,yngmjgsd,0,
595,Settings up XDG_CONFIG_HOME variable as a path for input-remapper configs explicitly if found in a user environment.,True,CLOSED,2023-01-12,2025-11-15,yngmjgsd,1,
596,How to make a mapping for all keyboards,False,OPEN,2023-01-19,,mangelozzi,0,feature request
597,Variable doesn't work at multiple devices,False,OPEN,2023-01-21,,2e3s,0,
599,Cannot run : ValueError: Namespace GtkSource not available for version 3,False,CLOSED,2023-01-23,2023-01-23,moonninja,1,
600,Trouble remapping Left Alt + anything,False,CLOSED,2023-01-26,2023-03-04,J-Kappes,1,
602,input-remapper-1.5.0_all.deb installation error,False,OPEN,2023-01-29,,ierotheo,2,packaging
603,Autoloading in qtile,False,OPEN,2023-01-31,,UN-9BOT,5,environment incompatibility
604,Add french translation,True,MERGED,2023-01-31,2023-02-11,nlepage,5,
605,Where is the AT (@) key?,False,CLOSED,2023-01-31,2023-02-12,michaelradhuber,2,
607,Scroll cannot be disabled (cannot suppress wheel events),False,CLOSED,2023-02-03,2023-02-20,MightyPancake,2,
609, input-remapper   rewrites systems repeat key delay,False,OPEN,2023-02-05,,ZeRenCZ,3,
611,Add AppStream metadata,True,MERGED,2023-02-07,2023-02-11,alxpl,2,
612,How to perform two actions while holding a key combination?,False,OPEN,2023-02-10,,opalmay,0,
613,Is anyone else noticing random lag once you inject a mouse?,False,OPEN,2023-02-11,,faedy2,1,
614,Show overview of the mappings (input -> output description) of a preset,False,OPEN,2023-02-11,,TherinS,3,"UX,feature request"
615,Rename desktop file to allow Dash pinning,True,MERGED,2023-02-11,2023-02-12,ubunatic,1,
616,Add install scripts for local development,True,MERGED,2023-02-11,2023-02-12,ubunatic,3,
617,usr/bin/input-remapper-helper uses 100% CPU when I disconnect my mouse,False,CLOSED,2023-02-12,2023-02-12,faedy2,1,
618,Combine install scripts into a setup tool,True,MERGED,2023-02-12,2023-02-17,ubunatic,2,
619,mouse wheel events not working,False,CLOSED,2023-02-13,2023-02-13,SamDevelopsCode,4,
620,"Mapping to symbols like >,|",False,CLOSED,2023-02-16,2023-02-17,thetwom,5,
621,Add mapping filter in Input section,True,CLOSED,2023-02-17,2023-02-21,ubunatic,10,
623,"Need to Re-Press ""Apply"" Button After Resuming from Suspension on Ubuntu 22.10 Gnome",False,CLOSED,2023-02-18,2023-02-20,adriaan35134231451324,3,
625,Surface Pen Bluetooth Button Actions don't show up,False,OPEN,2023-02-19,,PhilDevProg,0,
626,[draft] feature/asynctest,True,OPEN,2023-02-20,,ubunatic,3,help wanted
627,"Automatically set ""Use as analog"" if output is analog",True,MERGED,2023-02-20,2023-02-24,sezanzeb,0,
628,Mapping filter control with dedicated Gtk.ListBox filter manager,True,OPEN,2023-02-21,,ubunatic,11,
629,Default target for analog output to gamepad,False,OPEN,2023-02-21,,sezanzeb,2,"UX,feature request,good first issue"
630,Show more device information in tooltips on the device page,False,OPEN,2023-02-22,,sezanzeb,0,"UX,feature request,good first issue"
631,Cant set key on keyboard ad gamepad axis,False,CLOSED,2023-02-23,2023-02-23,BadKiko,2,
632,Add service start and stop commands to setup script,True,MERGED,2023-02-23,2023-03-09,ubunatic,6,
633,Show more information on presets page,False,OPEN,2023-02-23,,sezanzeb,0,"UX,feature request,good first issue"
634,"Autocomplete ""disable""",True,MERGED,2023-02-24,2023-02-24,sezanzeb,1,
635,Improved error formatting in status bar,True,MERGED,2023-02-25,2023-02-26,sezanzeb,1,
637,2.0 Release Discussion,False,OPEN,2023-02-27,,sezanzeb,10,opinion wanted
638,2.0.0 Alpha,True,CLOSED,2023-02-27,2023-02-27,sezanzeb,1,
639,2.0.0-rc,True,MERGED,2023-02-27,2023-03-02,sezanzeb,2,
640,Mouse dpi changes,False,CLOSED,2023-02-28,2023-03-01,CrabbyDisk,3,environment incompatibility
641,Merge `beta` into `main`,True,MERGED,2023-03-02,2023-03-02,sezanzeb,2,
642,Fixing various mypy problems,True,MERGED,2023-03-02,2023-03-02,sezanzeb,0,
644,After updating Input mapper crashes on arch Linux,False,CLOSED,2023-03-04,2023-03-04,Kiaos,5,packaging
645,Injection not working on v2.0,False,CLOSED,2023-03-05,2023-03-05,Suranovi,8,
646,update path in issue templates,True,MERGED,2023-03-05,2023-03-05,jonasBoss,1,
647,"GUI does not show ""`, CTRL + DEL to stop`"" when `BTN_LEFT` is mapped (v2 regression)",False,OPEN,2023-03-05,,jonasBoss,0,"UX,bug"
648,Flatpak?,False,CLOSED,2023-03-05,2023-03-05,Aqua1ung,2,
649,Device not grabbed,False,CLOSED,2023-03-05,2023-03-13,BootZ123,16,UX
651,ImportError: cannot import name 'TypeAlias' from 'typing' (/usr/lib64/python3.9/typing.py),False,CLOSED,2023-03-06,2023-03-06,theorin,1,
652,Using NewType instead of TypeAlias,True,MERGED,2023-03-06,2023-03-06,sezanzeb,1,
653,Autoloading Not Working After a Reboot.,False,CLOSED,2023-03-06,2023-08-06,quazl,6,
654,uinput Kernel module doesn't get loaded,False,CLOSED,2023-03-08,2023-03-08,londeril,1,
655,ModuleNotFoundError: No module named 'inputremapper.data',False,CLOSED,2023-03-11,2023-03-14,heike-hh,6,
656,Placeholder for the key-or-macro input,False,CLOSED,2023-03-13,2023-04-02,sezanzeb,2,"UX,good first issue"
657,"Show ""key or macro"" by default",False,OPEN,2023-03-13,,sezanzeb,0,"UX,good first issue"
658,showing placeholder text,True,MERGED,2023-03-13,2023-03-20,sezanzeb,1,
659,"ArchLinux users must use ""sudo -E input-remapper-gtk""",False,CLOSED,2023-03-14,2023-04-02,littlesandra88,1,
661,Clear Linux please!,False,OPEN,2023-03-16,,Aqua1ung,1,"help wanted,packaging"
662,Can't click the output area,False,CLOSED,2023-03-20,2023-08-17,civarry,14,
663,NixOS compatibility (read-only filesystem),False,OPEN,2023-03-20,,bphenriques,5,
664,Flatpak release,False,CLOSED,2023-03-23,2023-03-24,Mte90,3,
665,Linux Mint: postinst script failure,False,CLOSED,2023-03-25,2023-03-27,Moini,8,
666,/if_single()'s > else-condition/ does not work on the first invocation,False,CLOSED,2023-03-26,2023-03-26,pablos-here,2,bug
667,fix #666,True,MERGED,2023-03-26,2023-03-26,jonasBoss,0,
668,Warnings in /input-remapper-service/,False,OPEN,2023-03-26,,pablos-here,6,
669,Fix `if_single` on Python 3.11,True,CLOSED,2023-03-26,2023-04-07,gebner,4,
671,Arch Package: ModuleNotFoundError: No module named 'packaging.version',False,CLOSED,2023-03-28,2023-04-02,dethredic,6,
672,Documentation ideas,False,OPEN,2023-03-28,,pablos-here,2,
673,Doc refactoring > README.md and installation.md,True,CLOSED,2023-03-28,2026-06-10,pablos-here,26,help wanted
674,Project license - GPLv3 vs GPLv3+,False,CLOSED,2023-03-29,2023-04-02,alxpl,2,
676,"Ubuntu 20.04.6, record doesn't work",False,CLOSED,2023-04-01,2023-08-17,henry1992007,11,
677,test pipeline,True,CLOSED,2023-04-01,2023-04-07,sezanzeb,0,
680,Starting but not loading config,False,OPEN,2023-04-04,,littlesandra88,0,
681,Update examples.md,True,MERGED,2023-04-05,2023-04-05,timmarjo,0,
682,2.0.0 fails on OpenSuse Tumbleweed,False,OPEN,2023-04-05,,KayTaneJupiter,5,
683,run workflow workaround,True,MERGED,2023-04-07,2023-04-07,jonasBoss,0,
684,Autoloading not working (used to work before),False,OPEN,2023-04-08,,ghost,1,
685,ModuleNotFoundError: No module named 'inputremapper.gui.reader_service',False,CLOSED,2023-04-14,2023-11-05,zcorn2017,3,
686,input-remapper GUI freeze when trying to map a key to dualsense touchpad,False,OPEN,2023-04-16,,zany130,0,
687,Implement Double/Triple Press macros (ex. Play/Next/Previous media buttons),False,CLOSED,2023-04-17,2023-04-25,antheas,2,
689,Docker image anyone?,False,OPEN,2023-04-20,,Aqua1ung,1,"help wanted,packaging"
690,"Add ""Script"" as output type",False,CLOSED,2023-04-24,2023-08-17,jnyheim,1,
691,Conflicting with KDE `Invert Scrolling` flags,False,CLOSED,2023-04-25,2023-08-17,adhiemsumitro,3,
692,Programs that respond when Alt_L alone is pressed,False,CLOSED,2023-04-26,2023-06-06,plafourc,2,
694,Lost connection to Wayland compositor,False,CLOSED,2023-04-28,2023-04-28,ghost,1,
695,"DBus error: `Connection "":xxx"" is not allowed to own the service ""inputremapper.Control""`",False,CLOSED,2023-04-29,2023-08-17,theoretischer,4,
697,2.0 doesn't work anymore,False,CLOSED,2023-05-02,2023-05-12,mickeyl,8,
698,Pepper Jobs Remote Control Cannot Record,False,CLOSED,2023-05-02,2023-08-17,abrombo,4,
699,Doesn't start on boot.,False,CLOSED,2023-05-03,2023-08-17,examplug,2,
700,"ERROR: Request to autoload ""DEVICE"" before a user told the service about their session using set_config_dir",False,CLOSED,2023-05-03,2023-11-05,captaincurrie,1,
701,"""Link has been severed"" for systemd service files",False,CLOSED,2023-05-06,2025-02-09,ArtCore13,14,
702,Get injection status via input-remapper-control,False,OPEN,2023-05-07,,spacescientist,1,"feature request,good first issue"
703,Debian Bullseye install from git gives  E: Sub-process /usr/bin/dpkg returned an error code (1),False,OPEN,2023-05-09,,Jackfritt,8,
705,legacy-install-failure during installation on Fedora 38,False,CLOSED,2023-05-12,2023-08-17,realgooseman,2,
706,ALT_L + Q mapping to F5 produces Alt+F5,False,CLOSED,2023-05-13,2023-05-13,ivanxpetrov,0,
707,Search key not detected (kinesis freestyle solo keyboard),False,CLOSED,2023-05-14,2023-11-05,BarbzYHOOL,3,
708,Add Brazilian Portuguese translation and update .po files,True,MERGED,2023-05-16,2023-05-16,rffontenelle,0,
709,Improve CI,True,CLOSED,2023-05-16,2023-06-24,rffontenelle,17,
710,"WARNING: No origin_hash set for {'type': 1, 'code': 272}",False,CLOSED,2023-05-17,2023-05-24,littlesandra88,16,
711,Fix btn left confusion,True,MERGED,2023-05-19,2023-05-21,jonasBoss,0,
712,Injection service can't be resumed once stopped,False,CLOSED,2023-05-24,2023-06-01,zany130,1,
714,press start not working. The service isn't starting.,False,CLOSED,2023-05-25,2023-06-25,antonio24073,1,
715,Not reading inputs.,False,CLOSED,2023-05-25,2023-06-24,Banacizo,1,
716,Unable to apply or autoload any key mappings,False,CLOSED,2023-05-26,2023-05-31,alastair1616,5,
717,Error while applying remapping to keyboard after update,False,CLOSED,2023-05-26,2023-08-17,terminal-case,2,
718,input-remapper-control UnicodeDecodeError - no Logitech mouse available,False,CLOSED,2023-05-27,2023-08-27,mr2c12,2,
719,Update README.md,True,MERGED,2023-05-29,2023-05-29,alxpl,1,
720,#716 Import ecodes,True,MERGED,2023-05-31,2023-05-31,Poldovico,1,
721,Unable to apply  a preset to my device - NameError: name 'ecodes' is not defined,False,CLOSED,2023-06-05,2023-06-24,ForgeLightGeist,1,
723,ModuleNotFoundError: No module named 'inputremapper'; no devices detected,False,CLOSED,2023-06-08,2023-06-25,Shoxx98,18,
725, [Solved] Input Remapper Application Fails to Launch on Debian 12 with KDE 5.27.5. It worked well on Debian 11.,False,CLOSED,2023-06-11,2023-06-24,CherryBerryKiwi,0,
727,ModuleNotFoundError: No module named 'inputremapper',False,CLOSED,2023-06-13,2023-11-05,NelsonSR,4,
728,is there a way i can remap my steering wheel?,False,CLOSED,2023-06-14,2023-11-05,C3OK,1,
729,`if_single()` on keyboard seems not interacting with `mouse input`.,False,OPEN,2023-06-22,,choikangjae,1,
730,Fix CI,True,MERGED,2023-06-24,2023-06-24,sezanzeb,0,
731,Using asyncio.run instead of loop.run_until_complete,True,MERGED,2023-06-25,2023-06-25,sezanzeb,1,
732,CLI Has Different Devices Listed in Sudo vs User,False,OPEN,2023-06-27,,DefsNotQuack,3,"bug,good first issue"
733,Doesn't work at all under my distro (Peppermint OS - debian 11 and ubuntu 18.04 based),False,CLOSED,2023-06-27,2023-08-29,sabudum,9,
736,Cant remap Logi G600 on Zorin,False,CLOSED,2023-07-11,2023-08-17,gratejames,2,
737,I don't understand the directions for Input Remapper,False,CLOSED,2023-07-11,2023-07-12,Lady-Fitzgerald,3,
739,Logitech M720 doesn't apply correctly,False,OPEN,2023-07-12,,MESLewis,2,
742,"How to ""Apply"" in the command line or using shortcut in the gtk GUI? (basically apply without mouse)",False,CLOSED,2023-07-17,2023-07-17,sgon00,1,
743,Does not see Logitec MX Ergo mouse via Bluetooth on VM,False,OPEN,2023-07-22,,vasilli-ra,0,
744,How do you start it???,False,CLOSED,2023-07-23,2023-07-23,triplemaya,1,
745,"Wheel(direction,speed) delayed firing event at start of button press(2.0.0)",False,OPEN,2023-07-23,,ProtonAbyss,1,
746,BlackWidow v4 Left wheel sending wheel-up event along with rebind,False,OPEN,2023-08-01,,theLockesmith,2,
747,input-remapper-gtk not launching ,False,CLOSED,2023-08-08,2023-10-11,TeslaMan3092,2,
749,Feature Request: Could be added an option to send fake touch screen inputs?,False,OPEN,2023-08-15,,CarlosEkisde,0,feature request
750,GDM login screen,False,OPEN,2023-08-16,,mfauvain,1,environment incompatibility
752,Help with a macro,False,CLOSED,2023-08-16,2023-08-18,altoryus,6,
753,Can't map buttons,False,OPEN,2023-08-18,,lauriehowells,4,
754,keep ctrl key pressed between 2 maps...,False,OPEN,2023-08-19,,barruda,0,
755,install didnt work,False,CLOSED,2023-08-24,2023-10-11,vuaieo,1,packaging
756,"Mouse-button gets stuck, can't stop injection",False,CLOSED,2023-08-24,2023-11-05,vuaieo,3,
757,Feature request: Display which mapping are running,False,OPEN,2023-08-25,,TherinS,0,feature request
758,Mapping to Unicode Character,False,CLOSED,2023-08-27,2023-08-29,montanajava,2,
761,Unable to activate two swaps simultaneously,False,CLOSED,2023-09-03,2023-10-11,pedromarun,2,
763,Add an option to shut down the program fully when closing the app window (including background service/s),False,CLOSED,2023-09-04,2023-10-11,onlyreportingissues,1,
764,Add an option that allows to set a custom hotkey for disabling the injection without having to focus the app window first,False,OPEN,2023-09-04,,onlyreportingissues,1,feature request
765,'Release input': Sticky Combination Keys,False,OPEN,2023-09-05,,devycarol,0,bug
766,Two DualShocks connected via bluetooth - only one is remapped,False,OPEN,2023-09-05,,mfauvain,22,bug
767,Can this be used to make a virtual gamepad driven by keyboard and mouse?,False,CLOSED,2023-09-06,2023-11-05,artivision,2,
768,add an option to export/import config,False,OPEN,2023-09-09,,eret9616,1,feature request
769,pydantic.errors.PydanticUserError,False,CLOSED,2023-09-14,2023-09-19,BillboardsAreAllLearing,23,
770,python3-pydbus not available in Almalinux 9,False,OPEN,2023-09-14,,theorin,1,"environment incompatibility,packaging"
771,Feature request: add option to execute macro on key release.,False,CLOSED,2023-09-16,2023-10-11,sabudum,4,feature request
772,input-remapper-control not starting,False,CLOSED,2023-09-18,2023-09-19,Degra02,4,
773,Fix pydantic error (allow pydantic v1 and v2 at the same time),True,MERGED,2023-09-18,2023-09-18,stasadev,3,
774,"Fresh install, unable to start input-remapper.service",False,CLOSED,2023-09-19,2023-09-29,r04dw4rri0r,6,
775,Correct device not listed.,False,CLOSED,2023-09-21,2023-10-12,1094,4,
776,Can't open input remapper on fedora,False,CLOSED,2023-09-24,2023-09-24,Ekronke,1,
777,I cannot set [ and ]?,False,CLOSED,2023-09-25,2023-11-05,TravelTrader,1,
778,Don't reset joystick position when mapping from REL to ABS,False,OPEN,2023-09-28,,ghost,2,feature request
779,Missing dependencies - failing tests,False,OPEN,2023-10-02,,alxpl,3,packaging
780,Prevent gamepad creation,False,CLOSED,2023-10-03,2023-10-11,F2FG,7,
781,Error launching the application,False,CLOSED,2023-10-04,2023-10-11,AccaGihu,1,
783,Cannot inject `Control_L+Shift_L+p`,False,CLOSED,2023-10-09,2023-10-13,RodrigoA-Fernandez,3,
785,How to disable the key,False,CLOSED,2023-10-11,2023-10-11,jcgaming-official,1,
786,Toggle mouse cursor,False,OPEN,2023-10-11,,TonyginSLC,1,feature request
787,Fails to start after recent Arch/Manjaro updates,False,CLOSED,2023-10-11,2023-11-05,izzylaif,2,bug
788,Add alternative ways to configure input to the Record button,False,OPEN,2023-10-16,,jcgaming-official,2,feature request
789,Failed to enable unit: Refusing to operate on alias name or linked unit file: input-remapper.service,False,CLOSED,2023-10-18,2023-11-12,Strykar,4,
790,output not working in wine/wow,False,CLOSED,2023-10-19,2024-02-20,lordkitsuna,3,
792,Desktop Only remapping,False,CLOSED,2023-10-24,2023-11-05,AgentiLoop,1,
794,Changes between version 1 and 2 break modifier() behavior,False,OPEN,2023-10-27,,IgorCordasProGlove,2,
795,Switch Win to Fn and Fn to Win,False,CLOSED,2023-10-28,2023-11-08,hollisticated-horse,2,
796,Update it_IT.po,True,MERGED,2023-10-29,2023-11-05,albanobattistella,3,
798,1+1+2+3+4+1 outputs 4321,False,CLOSED,2023-10-29,2023-11-04,RickAndTired,3,
800,Request: Ability to assign mouse cursor movements to `input-remapper mouse` device,False,CLOSED,2023-11-02,2023-11-05,tai-mai,6,
801,Input Remapper plugin doesn't autostart,False,CLOSED,2023-11-04,2023-11-04,ghost,1,
802,Error and Can't boot the OS [N] EXT4-fs error (device sda7): ext4_lookup:1851 inode#N: com input-remapper-: iget: checksum invalid,False,CLOSED,2023-11-06,2023-11-07,jcgaming-official,8,
803,Store Current Mouse Position as a Variable,False,CLOSED,2023-11-07,2023-11-07,itsDevBlaze,2,
804,Adds layer implementations to examples.md,True,CLOSED,2023-11-08,2025-06-18,cheynetom,1,
805,How can I press 4 keys within a macro?,False,CLOSED,2023-11-09,2023-11-11,RickAndTired,2,
807,docs: remove redundant install step on Fedora,True,MERGED,2023-11-12,2023-11-12,Merrit,1,
808,AUR package failing to build,False,CLOSED,2023-11-17,2023-11-17,Kalidibus,2,
809,Update zh_CN.po,True,MERGED,2023-11-18,2023-11-19,xyzhou-1,1,
810,key-mapper.service does not exist,False,CLOSED,2023-11-19,2023-11-19,rh1thmm,0,
812,Error executing command as another user: Not Authorized,False,OPEN,2023-11-22,,ThomasDeLange,0,
813,bug to Release Input ?,False,CLOSED,2023-11-23,2024-12-29,Oh-noodles,2,
814,Logitech MX Master 3S: can't map via logi bolt adapter,False,CLOSED,2023-11-25,2024-09-14,Flashwalker,2,
815,The autoload fails to load from time to time incosistently,False,OPEN,2023-11-29,,Felixoid,2,
816,service doesnt work.,False,OPEN,2023-12-02,,ideoda,1,
818,Fixed autocompletion tests; Group devices using their `uniq` property,True,MERGED,2023-12-03,2023-12-03,sezanzeb,0,
819,Key not getting injected after disconnecting and reconnecting device from USB-C monitor,False,CLOSED,2023-12-08,2024-03-14,thecodygriffin,1,
820,Autloading after laptop lid close not working,False,OPEN,2023-12-12,,samuelborn,4,
821,FN_KEY not recognized,False,OPEN,2023-12-13,,jeniksv,3,
822,"Running on tumbleweed aeon (immutable), inside distrobox with ubuntu 20.04",False,OPEN,2023-12-14,,quesada,0,
823,Injection silently fails after kernel upgrade,False,OPEN,2023-12-15,,emersonrp,4,
825,How to map the tilde key ~,False,CLOSED,2023-12-21,2024-01-02,Crylia,2,
826,Ability to only trigger binding when keys held down in specific order,False,CLOSED,2023-12-22,2024-01-05,waddyhussain,2,
827,Can't map the g9 key Logitech g510,False,OPEN,2023-12-24,,mcfardo907,0,
828,Input occasionally stops,False,OPEN,2023-12-31,,Xuerian,3,
829,Mouse steering solution,False,OPEN,2024-01-01,,grygoriyshutnyara,1,
830,if_single modifier doesn't apply to first other key pressed,False,OPEN,2024-01-03,,HifeFish,0,
831,Toggle Aim,False,CLOSED,2024-01-05,2024-03-03,RickAndTired,6,
833,Errors thrown when attempting to map keys:,False,OPEN,2024-01-14,,simple-coder-x,3,
835,Some capture of mouse buttons are wrong. Basilisk V2,False,OPEN,2024-01-15,,Amdarin,1,
837,can't run input-remapper,False,CLOSED,2024-01-23,2024-01-23,graylion,1,
839,Error messages during installation.,False,OPEN,2024-01-26,,guettli,3,
840,Download is performed unsandboxed as root as file '/.../dist/input-remapper-2.0.1.deb' couldn't be accessed by user '_apt'. - pkgAcquire::Run (13: Permission denied),False,OPEN,2024-01-26,,guettli,2,
841,"Install icon to standard path, fix appstream-builder generation",True,MERGED,2024-01-26,2024-01-27,joebonrichie,1,
842,Left Handed Mouse Buttons are Swapped.,False,OPEN,2024-01-31,,NewtSoup,1,
844,sudo required for input-remapper-control no shown in CLI examples,False,OPEN,2024-02-01,,abrombo,0,
845,Mapping a key to a button on a specific mouse,False,OPEN,2024-02-02,,bbutler3,0,
846,Feature: analog axis with trigger threshold,False,OPEN,2024-02-06,,kopach,6,
847,Using the right password but it does not let me log in,False,CLOSED,2024-02-08,2024-02-10,gybo03,2,
848,AutoLoad does not work,False,CLOSED,2024-02-10,2024-02-24,gybo03,2,
849,multiple devices - same remapping,False,OPEN,2024-02-16,,kniftar,1,
851,Remap middle-click to Ctrl+left-click ... possible ?,False,OPEN,2024-02-23,,hprodh,1,
853,State of Maintenance,False,OPEN,2024-02-26,,sezanzeb,12,
854,An error appears during installation,False,CLOSED,2024-02-29,2024-03-01,drozd2000,2,
856,Failing to map keyboard to an artsey.io pad failing + release timeout greyed out,False,OPEN,2024-03-03,,ctrl-alt-breathe,1,
857,Can’t autoload Logitech USB Receiver rules when I insert USB Receiver,False,OPEN,2024-03-04,,ai,5,
858,Cannot install input-remapper under Debian 12,False,OPEN,2024-03-06,,danielkr123,5,
859,Feature: Macro set to random number in range,False,OPEN,2024-03-10,,shawarden,3,
860,makes kde lag,False,CLOSED,2024-03-11,2024-11-24,Shoxx98,3,
861,[feature request] system-wide configuration,False,OPEN,2024-03-13,,Artim96,0,
863,"Combos involving ""parenleft"" and ""parenright"" don't work as expected.",False,OPEN,2024-03-15,,lululock71,1,
865,Double click remapping to keyboard key messes with mouse keys operation,False,OPEN,2024-03-22,,MikeAnblips,1,
866,Meta key no longer getting injected,False,OPEN,2024-03-25,,zany130,0,
868,Feature request: Automatically switch preset depending on focused window ,False,OPEN,2024-03-28,,robmart,2,
869,How to use macros?,False,OPEN,2024-03-29,,pH142857,2,
870,Macro for App Switcher while holding ALT-TAB ?,False,OPEN,2024-04-04,,matt22207,1,
872,Option to bypass mapping on if_eq condition fail,False,OPEN,2024-04-09,,amot-dev,0,
873,Tartarus V2 seen as mouse instead of keyboard,False,OPEN,2024-04-09,,ashmonger,2,
874,"German umlaut keys (ü, ä ...) and Eszett key (ß)",False,CLOSED,2024-04-17,2024-10-10,Cash-coder,5,
875,How to bind keyboard keys as gamepad joystick axis?,False,OPEN,2024-04-19,,quidamphx,17,
877,Multiple Devices as Inputs,False,OPEN,2024-04-24,,Zeoic,0,
878,GUI not starting due to missing `pkexec` (Debian 12 KDE),False,OPEN,2024-04-24,,watty888,4,
879,"Won't auto-start, have to manually start for each device on every login",False,OPEN,2024-04-28,,tigger-developer,9,
880,"Mapped Grave to Escape, Can't Map Escape to Grave/Tilde",False,OPEN,2024-04-28,,mtk,2,
881,Max macro length?,False,OPEN,2024-04-28,,Aycros,0,
882,Can't use Input Remapper with Python 3.12 on EndeavourOS (Arch Linux),False,CLOSED,2024-04-29,2024-04-30,daniloraisi,3,
884,Can't map and record keys,False,OPEN,2024-05-04,,Moanrisy,1,
885,GUI not working and Authentication failure,False,OPEN,2024-05-04,,RogFyr,0,
886,Input Remapper crashes when I click Editor,False,CLOSED,2024-05-07,2024-07-21,rootusercisco,3,
888,Breaks keyboard,False,CLOSED,2024-05-10,2024-06-04,rbits0,2,
891,Can not install input-remapper 2.0.1,False,OPEN,2024-05-14,,midigark,3,
892,autoloading is not working after reboot,False,OPEN,2024-05-16,,c02y,0,
893,Mapping a combo involving the dpad disables the dpad for the original controller,False,CLOSED,2024-05-18,2026-04-15,zany130,5,
894,Unable to map mouse to start + right stick,False,OPEN,2024-05-19,,zany130,0,
895,Module missing,False,CLOSED,2024-05-20,2024-10-29,Axilotl17,13,
897,Ubuntu 24.04 | unmet dependencies error,False,OPEN,2024-05-24,,sulliwane,0,
899,Tartarus V2 scroll wheel sends rebinds and mouse wheel commands at the same time,False,CLOSED,2024-05-25,2024-05-28,jonstump,1,
900,Map + and - input axis values to different output axes,False,OPEN,2024-05-27,,TRPB,1,
901,GUI sees mouse. CLI tool does not.,False,CLOSED,2024-05-28,2024-05-30,jonstump,1,
902,Input Remapper not preventing original key function,False,OPEN,2024-06-05,,jvadair,11,
903,"Attempting to stop and start mapping from the command line ERROR: Device ""AT Translated Set 2 keyboard"" is unknown or not an appropriate input device",False,CLOSED,2024-06-06,2024-06-06,v3ai,1,
904,How do I open the input remapper application?,False,OPEN,2024-06-07,,Bingo995,1,
905,Crashes on NixOS,False,OPEN,2024-06-07,,mem101296,3,
906,Feature Request : Additional mouse acceleration curves,False,OPEN,2024-06-08,,TheOverpassArsonist,1,
909,[Feature Request] Add the possibility to map a joystick to absolute mouse position.,False,OPEN,2024-06-15,,sabudum,3,
911,ERROR: got Future <Future pending> attached to a different loop,False,OPEN,2024-06-20,,alfem,2,
912,[Feature request] support for program specific profiles,False,CLOSED,2024-06-21,2026-04-05,poopman97,1,
913,Is it possibile to use hold function with two keys or not??,False,CLOSED,2024-06-22,2024-06-26,edofe99,3,
914,Non US-english keyboard,False,OPEN,2024-06-23,,philemonholland,0,
915,keys not being remapped stop working after starting injecting.,False,OPEN,2024-06-26,,juliojt,1,
917,How do I remap a button to spam left click for as long as I am holding it?,False,CLOSED,2024-07-03,2024-08-13,NGSpace,3,
918,SAVE THE REMAPPING TO FILE,False,OPEN,2024-07-05,,sk5268,2,
921,not loading on mx,False,CLOSED,2024-07-11,2024-07-13,johnclark-ops,2,
922,shift keys not being able to be swaped,False,OPEN,2024-07-13,,johnclark-ops,4,
924,"can't install in Steal deck, need flatpak",False,OPEN,2024-07-18,,mouarfff,1,
925,"mouse + keyboard combination remapping , especially when the mouse & keyboard is a different device",False,OPEN,2024-07-21,,Maziar123,2,
926,Preset does not autoload,False,CLOSED,2024-07-24,2024-08-07,Namlev1,5,
927,Replugging a device doesn't autoload every other time.,False,OPEN,2024-07-24,,PavelDobCZ23,1,
928,Unable to install on openSuse Leap,False,OPEN,2024-07-25,,bakai-taalaibek,0,
929,input-remapper-control doesn't list devices available in input-remapper-gtk,False,OPEN,2024-07-26,,a9udn9u,7,
930,Waynergy keyboard support,False,OPEN,2024-07-28,,donjan,0,
931,Add optional acceleration to the mouse macro.,True,MERGED,2024-07-30,2024-08-13,jdoda,3,
932,Failed to start input-remapper.service,False,CLOSED,2024-07-31,2024-08-02,Aqua1ung,0,
933,"Mapping mouse & apply , but nothing happens on CachyOS",False,OPEN,2024-07-31,,BearGork,1,
934,Reinstalling doesn't work,False,OPEN,2024-08-04,,cgthayer,1,
935,Input-remapper needs CONSTANT restarting!,False,OPEN,2024-08-04,,eobet,6,
936,Mouse with Fire Button,False,OPEN,2024-08-06,,cleberabreu87,1,
937,"Update black formatting, fix reviewdog",True,MERGED,2024-08-06,2024-08-06,sezanzeb,0,
938,Can't cascade mappings ,False,OPEN,2024-08-07,,v3ai,0,
939,Start injection failure,False,CLOSED,2024-08-09,2024-08-10,Chalsean,1,
940,Gentoo: ERROR input-remapper-gtk:50: Failed to pkexec the reader-service,False,OPEN,2024-08-16,,xoores,0,
941,mouse() does not chain with itself,False,CLOSED,2024-08-17,2025-01-12,umnikos,3,
942,Erratic behavior using if_eq() function in a macro,False,OPEN,2024-08-20,,sabudum,1,
943,Multiple autoloads,False,OPEN,2024-08-20,,Heinrich-XIAO,1,
944,Autoload not working,False,OPEN,2024-08-21,,Heinrich-XIAO,0,
945,error running ./inputmapper/scripts/build.sh,False,OPEN,2024-08-22,,rytrot,0,
946,Razer Naga Trinity Mouse Wheel Left/Right Not Independent of Scroll Function,False,OPEN,2024-08-22,,BrockFrancis,3,
948,input-remapper-service causes system to freeze on resume from hybrid suspend,False,OPEN,2024-08-30,,mdpenguin,0,
949,how to bind keyboard and mouse together?,False,OPEN,2024-09-03,,chopin1998,2,
951,Can't Install from Source on Debian Bookworm,False,OPEN,2024-09-08,,TechD123,0,
952,"How do I get it to press one key, wait and then hold another?",False,OPEN,2024-09-09,,SmurgBurglar,1,
953,"""Disable while typing"" touchpad option not working when using input-remapper",False,OPEN,2024-09-10,,tai-mai,0,
954,Remapping any key to CapsLock or KEY_CAPSLOCK has incorrect behavior,False,OPEN,2024-09-16,,Liberato116,2,
955,"""device name"" has no useful capabilities prevents axis-only devices from being remapped",False,CLOSED,2024-09-18,2024-10-18,StelardActek,2,
956,Do not exclude buttonless devices that have axes,True,MERGED,2024-09-19,2024-10-01,StelardActek,6,
957,Request: Support virtual joysticks?,False,OPEN,2024-09-19,,StelardActek,4,
958,"How to do ""mouse(down, 60)"" and ""hold_keys(BTN_LEFT)""?",False,CLOSED,2024-09-20,2024-12-29,JordanPavlic,4,
959,Escape portions of paths not intended to be globbed on,True,CLOSED,2024-09-22,2024-10-20,branan,2,
960,Improved test setup,True,MERGED,2024-09-28,2024-10-16,sezanzeb,5,
962,"Error ""The device was not grabbed"" when trying to activate mapping of key to minus/underscore",False,CLOSED,2024-10-01,2024-10-01,mdpenguin,1,
963,Fixing debug log source file for written keys,True,MERGED,2024-10-01,2024-10-01,sezanzeb,0,
964,Dependency injection,True,MERGED,2024-10-02,2024-10-19,sezanzeb,2,
965,Fixing release events when keys are released in order of pressing,True,MERGED,2024-10-04,2024-10-25,sezanzeb,11,
966,Use packaging.version instead of pkg_resources,True,MERGED,2024-10-04,2024-10-05,skitt,1,
967,Added optional wait variance,True,CLOSED,2024-10-06,2024-10-25,shawarden,1,
968,Problem with notebook's Lenovo Legion keybord,False,OPEN,2024-10-07,,Dreamstaler,0,
969,How do I associate scroll wheel with Ctrl-+ and Ctrl-- ?,False,CLOSED,2024-10-08,2024-10-11,nelson777,5,
970,How do I associate a scroll wheel event to Control_L + scroll up or down ?,False,CLOSED,2024-10-11,2024-10-16,nelson777,5,
971,Release mouse Movement,False,OPEN,2024-10-11,,KAGEYAM4,0,
972,How to write Macro in input,False,CLOSED,2024-10-12,2024-10-12,KAGEYAM4,2,
973,Docs: clears misunderstanding on where Macros can be used,True,MERGED,2024-10-12,2024-10-14,KAGEYAM4,0,
974,Dependency injection,True,CLOSED,2024-10-16,2024-10-16,sezanzeb,0,
976,Cannot start input-remapper-gtk - ModuleNotFoundError: No module named 'inputremapper.logger',False,CLOSED,2024-10-17,2024-10-22,broccoliiiiiii,9,
977,pkexec broken in chromeos + debian environment,False,OPEN,2024-10-18,,lumorin,12,
978,Escape portions of paths not intended to be globbed on,True,MERGED,2024-10-20,2024-10-20,sezanzeb,0,
979,Improve pipe debug logs,True,MERGED,2024-10-20,2024-10-20,sezanzeb,0,
980,Allow reader-service to be started separately,True,MERGED,2024-10-20,2024-10-27,sezanzeb,0,
981,Tiny system hang when using a remapped key,False,OPEN,2024-10-22,,creeper82,1,
982,Fix input-remapper-control for python < 3.12,True,MERGED,2024-10-22,2024-10-23,DjUlt,2,
983," input-remapper-gtk results in DeprecationWarning, unsupported operand type(s)",False,CLOSED,2024-10-23,2024-10-25,duskallegro,1,
984,Alt+Tab macro not working after update,False,CLOSED,2024-10-23,2024-10-30,celeborne,2,
986,Added optional wait variance,True,MERGED,2024-10-25,2024-10-25,sezanzeb,0,
987,"Coverage and documentation improvements, bin-refactoring",True,MERGED,2024-10-25,2024-10-26,sezanzeb,0,
988,Interact with Numlock?,False,CLOSED,2024-10-27,2024-10-27,mprytoluk,5,
989,Add if_capslock and if_numlock,True,MERGED,2024-10-27,2024-10-27,sezanzeb,0,
990,Improved logs and behavior when starting processes,True,MERGED,2024-10-27,2024-10-28,sezanzeb,0,
992,Use /usr/bin/env python3 shebang,True,MERGED,2024-10-28,2024-10-29,sezanzeb,0,
993,Improve installation docs,True,MERGED,2024-10-29,2024-10-29,sezanzeb,0,
994,Remapping stopped working after switching keyboards,False,OPEN,2024-10-29,,cwitting,4,
996,Home row mods issue when typing fast,False,CLOSED,2024-11-04,2024-11-15,Cash-coder,9,
997,Reader service exits when pipes break,True,MERGED,2024-11-04,2024-11-04,sezanzeb,0,
999,if_single code cleanup,True,CLOSED,2024-11-05,2024-11-05,sezanzeb,1,
1000,Add mod_tap macro,True,CLOSED,2024-11-05,2024-11-13,sezanzeb,0,
1003,Better macro architecture,True,MERGED,2024-11-10,2024-12-01,sezanzeb,1,
1004,Add mod_tap macro function,True,MERGED,2024-11-13,2024-12-07,sezanzeb,0,
1005,Job for input-remapper.service failed because the control process exited with error code.,False,CLOSED,2024-11-15,2024-12-08,FackJox,2,
1006,Keyboard device is not detecting on first screen,False,OPEN,2024-11-16,,iffishells,0,
1007,Panic codeword,True,MERGED,2024-11-17,2024-12-13,sezanzeb,0,
1009,[solved] Autoload stores only the last edited preset in `~/.config/input-remapper-2/config.json`,False,CLOSED,2024-11-21,2024-11-21,noyannus,2,
1010,Holding the super key while autoloading or loading a preset breaks the super key,False,OPEN,2024-12-03,,teslatankx,2,
1011,Tartarus Pro wheel sending both wheel up and down events and remapping,False,CLOSED,2024-12-06,2024-12-06,jeisom,2,
1013,Service segfault after update to glib2 2.82.3-1,False,CLOSED,2024-12-10,2024-12-12,WyvernDotRed,6,
1014,wont start anymore,False,CLOSED,2024-12-11,2024-12-12,Rosenblack,4,
1015,Cannot install latest deb 2.0.1,False,OPEN,2024-12-11,,jxu,3,
1016,Input Remapper not starting,False,CLOSED,2024-12-13,2025-01-10,Aqua1ung,12,
1017,No longer able to move mouse cursor,False,CLOSED,2024-12-15,2024-12-16,hanggrian,2,
1018,How to add a command for press and tap????,False,CLOSED,2024-12-16,2024-12-16,ironhak,1,
1019,Fix event macro,True,MERGED,2024-12-16,2024-12-16,sezanzeb,0,
1020,Create anki,True,OPEN,2024-12-19,,benny121301,0,
1021,ModuleNotFoundError: No module named 'inputremapper',False,CLOSED,2024-12-23,2024-12-25,WyvernDotRed,8,
1022,"""The device was not grabbed"" when remapping BTN_MIDDLE to BTN_LEFT",False,CLOSED,2024-12-25,2024-12-27,user529481,12,
1023,Two keybinds can't be executed at the exact same time (btn_a + space and btn_b + space = just btn_b + space),False,OPEN,2024-12-26,,DiamondYoshi,2,
1024,Improved error status messages,True,MERGED,2024-12-27,2024-12-28,sezanzeb,0,
1025,Macros reset unreleased keys,True,MERGED,2024-12-28,2025-01-01,sezanzeb,0,
1026,input remapper stops working after some time?`,False,OPEN,2024-12-30,,francois1234284,29,
1027,Append /usr/local/lib to sys.path if import fails,True,MERGED,2024-12-30,2025-01-05,sezanzeb,3,
1028,Input lag with tap-hold remapping,False,OPEN,2025-01-01,,bellissimogiorno,1,
1029,Add mouse_xy macro,True,MERGED,2025-01-01,2025-01-08,sezanzeb,3,
1030,Add parallel macro,True,MERGED,2025-01-01,2025-01-12,sezanzeb,0,
1031,Not loading on boot using Open SUSE Tumbleweed ,False,OPEN,2025-01-03,,danielrosehill,8,
1032,Split test_macros,True,MERGED,2025-01-04,2025-01-12,sezanzeb,0,
1035,The darumonkey patch 1,True,CLOSED,2025-01-13,2025-01-13,The-Darumonkey,1,
1037,mute one mapping while another is triggered,False,OPEN,2025-01-16,,v1s1n,3,feature request
1040,Can I get keyboard layout independent mappings?,False,CLOSED,2025-01-23,2025-02-06,iago-lito,5,
1042,"""dead_greek"" modifier support",False,OPEN,2025-01-27,,hprodh,0,
1043,Date / time variables would be useful,False,OPEN,2025-01-27,,mzguy,0,feature request
1044,Scrolling does not work when mouse is moving.,False,OPEN,2025-01-27,,xasnev,15,environment incompatibility
1045,Input forwarding leads to games reading two gamepads,False,OPEN,2025-01-28,,lyra-scarlet,6,feature request
1046,Unable to bind BTN_SIDE + combos if BTN_SIDE + X/Y Axis is bound.,False,CLOSED,2025-01-29,2025-02-04,shawarden,2,
1047,inputremapper.logger - module not found,False,CLOSED,2025-01-29,2025-01-30,The-Darumonkey,5,
1048,mouse sensitivity resets when in use on kde plasma wayland (kubuntu),False,CLOSED,2025-01-31,2026-02-27,the-nummer-zone,4,environment incompatibility
1049,2.1.0,True,MERGED,2025-02-01,2025-02-08,sezanzeb,0,
1050,Fix rel_to_abs recentering,True,MERGED,2025-02-01,2025-02-01,sezanzeb,0,
1051,if_tap hold works on one device but not another,False,CLOSED,2025-02-01,2025-02-05,urnati,9,
1052,mouse_xy() is a unknown funtion(Fedora 41),False,CLOSED,2025-02-02,2025-02-02,laurimus,1,
1053,Stop all dot desktop,True,OPEN,2025-02-02,,sezanzeb,0,
1054,Don't suppress combinations that map to an analog axis,True,MERGED,2025-02-02,2025-02-04,sezanzeb,1,
1055,Fix rel_to_abs recentering after retriggering,True,MERGED,2025-02-02,2025-02-02,sezanzeb,0,
1056,Can't map comma button to anything else,False,OPEN,2025-02-04,,tomhoq,0,
1058,Reload xmodmap when injection starts,False,OPEN,2025-02-06,,sezanzeb,0,feature request
1059,не запускается в manjaro,False,OPEN,2025-02-08,,sdnpty,3,
1060,Unlink ubuntu service symlinks in postinst,True,MERGED,2025-02-09,2025-02-09,sezanzeb,0,
1061,"Preset stuck; can't be edited, or deleted",False,CLOSED,2025-02-12,2025-02-15,Cellosia,3,
1062,"key combo working, but doing a copy/paste at the same time?",False,OPEN,2025-02-12,,gstlouisgit,1,
1063,Support python-evdev 1.8.0,True,MERGED,2025-02-15,2025-02-15,sezanzeb,1,
1064,Install dbus policy in /usr/share,True,MERGED,2025-02-15,2025-02-15,skitt,4,
1065,2.1.1,True,MERGED,2025-02-16,2025-02-16,sezanzeb,0,
1067,Keys not detected UNLESS Sonaar is also running,False,CLOSED,2025-02-23,2025-02-25,theoretischer,1,
1068,Custom groups,True,OPEN,2025-02-25,,sezanzeb,0,help wanted
1070,How to disable first key in combination conditionally,False,OPEN,2025-02-27,,jodhsinghnahal,1,
1071,Injecting maximum of 5 characters,False,CLOSED,2025-02-27,2025-02-28,gahisee,2,
1073,"Trigger a key combo on Presses, not after Presses+Release",False,OPEN,2025-03-02,,jackthenewbie,2,
1074,Input-remapper not working after python3-evdev update on Fedora 41 (2.0.1 latest available),False,CLOSED,2025-03-02,2025-03-11,penguinbait,12,
1075,No way to specify inputs from two devices,False,OPEN,2025-03-02,,gahisee,8,
1076,Scrolling trackball while keyboard keys are pressed not working,False,OPEN,2025-03-04,,akerge,1,
1077,Delete buttons are not idiot-proof enough.,False,OPEN,2025-03-11,,DiamondYoshi,1,UX
1079,Release Modifiers Outside Of Macros,False,OPEN,2025-03-15,,IGLADI,2,
1080,Keyboard has mouse logo on gui,False,OPEN,2025-03-19,,iceymix,1,
1081,[Feature] different `gain` value when input is greater than zero or not for analog axis,False,OPEN,2025-03-25,,lovemilk2333,0,
1082,Allow different Input Remaps per application,False,OPEN,2025-03-26,,relma2,2,
1083,Update Slovak translation.,True,MERGED,2025-03-28,2025-03-29,jose1711,1,
1085,"""x"" already mapped to somethin else",False,OPEN,2025-04-05,,HappyPony,0,
1086,[Feature] Detect long press on input button,False,OPEN,2025-04-08,,antlassagne,3,
1087,Analog Y to REL_WHEEL_HI_RES not smooth,False,OPEN,2025-04-11,,cgraeff,0,
1088,Can't shut down or reboot,False,OPEN,2025-04-11,,aqwek,0,
1089,hold_keys() on tablet pen crashes entire system,False,OPEN,2025-04-12,,RalekArts,0,
1091,"Logitech G300s - Linux Mint cinnamon 22.1 on VMWare Player 17, undetected Mouse Button G4 to G9",False,OPEN,2025-04-13,,DestoGit,2,
1092,Ctrl+w to CAPS LOCK not working on Firefox,False,OPEN,2025-04-13,,DestoGit,0,
1093,Ability to make the scrollwheel register the mapped key more than like 3 times per second,False,OPEN,2025-04-15,,quadruplea0,1,
1094,Make stopping and resuming of injection automatic when recording input.,False,OPEN,2025-04-15,,sabudum,0,
1095,Did not grab any device,False,CLOSED,2025-04-16,2025-04-28,velamyGH,1,
1096,How to map key combo without disabling individual keys,False,OPEN,2025-04-18,,PatrickNotStar23,4,
1099,High RAM usage on Fedora 41,False,OPEN,2025-04-23,,leejoramo-d51,0,
1101,[Feature] Add minimum and maximum hold time for hold_keys macro function,False,OPEN,2025-04-26,,PavelDobCZ23,0,
1102,fails to launch with latest git version form AUR,False,OPEN,2025-05-02,,Nathan22211,0,
1103,"App crashed after some time, then unable to start afterwards",False,OPEN,2025-05-04,,satishux,1,
1105,misleading error about missing /root config when running as system service,False,CLOSED,2025-05-18,2025-10-19,sebelk,0,
1106,Unable to map gamepad inputs and keyboard keys in the same macro?,False,OPEN,2025-05-20,,dotaxis,0,
1107,Scrolling with Mouse Cursor + RMB,False,OPEN,2025-05-24,,unopolar,1,
1108,How is double clicking configured exactly?,False,OPEN,2025-05-25,,7sparrow,0,
1109,Trying to map Razer Tartarus arrow key to a rapid mouse click,False,OPEN,2025-05-30,,DalSheron,4,
1111,Cannot startup input-remapper,False,OPEN,2025-06-08,,drunkenQCat,0,
1112,ERROR: did not find any input device,False,OPEN,2025-06-11,,jessewriter,0,
1114,Only the rebound gamepad keys work.,False,OPEN,2025-06-13,,jebez1,0,
1115,Gracefully handle missing config.json when running as root,True,CLOSED,2025-06-17,2025-10-19,Strykar,1,
1118,Update README.md,True,CLOSED,2025-06-26,2025-10-18,JosephScript,3,
1119,Will not switch presets.,False,OPEN,2025-06-26,,owenn50,0,
1126,GUI not starting anymore,False,OPEN,2025-07-15,,kolbenhans,2,
1127,[Feature Request] Sticky modifier (Hold modifier after press until next (non-modifier) key is pressed),False,OPEN,2025-07-16,,HifeFish,0,
1128,Erratic macro execution with mouse_xy,False,CLOSED,2025-07-17,2025-11-29,conreo,5,
1130,Associate scroll wheel on a touchpad with keyboard buttons.,False,OPEN,2025-07-20,,LeifAndersen,0,
1131,SyntaxWarning: invalid escape sequence '\d',False,OPEN,2025-07-21,,danielzgtg,0,
1132,Feature Request: DBus API Enhancements,False,OPEN,2025-07-23,,agc93,0,
1133,Docs bug,False,OPEN,2025-07-23,,ivanstepanovftw,1,
1134,Injection of double-click macro does not work for Logitech M720,False,OPEN,2025-07-25,,joshuactk,7,
1135,Add install steps for Gentoo,True,OPEN,2025-07-25,,EricaNebula,2,
1137,input-remapper-gtk won't launch,False,CLOSED,2025-08-01,2025-12-23,Blackfox-Thane,5,
1140,[FEATURE] Add automatic switching profiles,False,CLOSED,2025-08-02,2025-10-13,masterofobzene,3,
1141,Missing tray icon,False,OPEN,2025-08-04,,Everest10,3,
1143,remapping scroll wheel button to spacebar doesn't actually get injected,False,OPEN,2025-08-13,,maxvaneck,3,
1145,Improve Ukrainian translations,True,MERGED,2025-08-14,2025-08-15,Damglador,1,
1146,Add uninstaller/simple list of files to remove.,False,OPEN,2025-08-17,,alinxviso,1,
1147,Macro randomly stops working,False,CLOSED,2025-08-18,2025-08-25,noahholloncow-a11y,1,
1148,Regular crashes for missing devices when bringing the laptop out of Suspend mode,False,OPEN,2025-08-20,,BladeMF,2,
1150,Added automatic stopping and re-starting of injection when recording …,True,OPEN,2025-08-23,,sabudum,6,
1151,Switch to dasbus,False,CLOSED,2025-08-25,2025-11-09,sezanzeb,0,
1152,Stuff broken when mapping gamepads,False,CLOSED,2025-08-25,2026-04-15,sezanzeb,2,bug
1153,All mouse settings are seemingly overriden by the app to complete defaults once a mouse rebind is applied,False,OPEN,2025-08-27,,gaygoblin,15,
1154,Add the ability to bind seperate keys/macros from when a key is pressed and released,False,OPEN,2025-08-30,,chikenpotpi,3,
1155,remap key is not working recursively.,False,OPEN,2025-08-31,,Huanyu-Liu,1,
1156,Mention the psutil dependency in setup.py,True,MERGED,2025-09-01,2025-09-01,skitt,1,
1158,[Debian 13][KDE] input-remapper requires root permissions,False,OPEN,2025-09-04,,bai-yi-bai,2,
1161,bluetooth page-turner commands cannot be reassigned,False,OPEN,2025-09-09,,lhow,1,
1163,Unable to start injection with Python 3.14,False,CLOSED,2025-09-18,2025-10-19,HiImJake,19,
1165,Is the AUR repo still updated?,False,CLOSED,2025-09-20,2025-11-05,Aqua1ung,8,
1166,Multiple mappings with analog mouse in and out (speed change) add up,False,OPEN,2025-09-24,,sezanzeb,0,
1167,Scrollwheel input actions are not intercepted unlike other actions,False,OPEN,2025-09-24,,Pxtl,4,
1168,improve mouse-button names,True,MERGED,2025-09-26,2025-10-25,Pxtl,5,
1169,add mapping rename and delete hotkeys,True,MERGED,2025-09-27,2025-09-27,Pxtl,1,
1170,setup.py and especially data_files are deprecated,False,CLOSED,2025-09-27,2025-12-25,SammysHP,3,
1172,Input Remapper freezes occasionally.,False,OPEN,2025-09-29,,RadioDarrenFM,0,
1173,Add BTN_* to autocompletion,False,OPEN,2025-10-01,,sezanzeb,1,
1174,duration argument for key macro,False,OPEN,2025-10-01,,sezanzeb,0,
1176,[Feature Request] Add Gyro To Mouse,False,OPEN,2025-10-08,,Pragmer,0,
1177,Input Remapper won't start,False,OPEN,2025-10-09,,Luquatic,0,
1178,Hashes on json means no symlink bonding between wireless and corded profiles,False,OPEN,2025-10-10,,Arndorferd,0,
1180,Keyboard not showing up in devices,False,OPEN,2025-10-12,,TheCarpetMerchant,4,
1181,CachyOS - Autoload not working,False,OPEN,2025-10-13,,CloneIX,9,
1182,updating python-pydantic-core results in an error,False,OPEN,2025-10-17,,the-nummer-zone,0,
1183,add toggle macros,True,MERGED,2025-10-18,2025-10-19,Renari,10,
1184,"Python 3.14 compatibility, fix tests",True,MERGED,2025-10-19,2025-10-19,sezanzeb,6,
1185,Fix root config.json error message,True,MERGED,2025-10-19,2025-10-19,sezanzeb,0,
1186,Remove obsolete config code,True,MERGED,2025-10-19,2025-10-19,sezanzeb,0,
1187,"hold(set(foo,1)) ?",False,OPEN,2025-10-22,,pascualpobil,4,
1190,Port to pydantic v2,False,OPEN,2025-10-25,,sezanzeb,1,
1191,Can't find preset file to my drawning tablet,False,OPEN,2025-10-27,,ThanderHIRAR,0,
1192,"Missing dependency ""python-setuptools"" from AUR PKGbuild",False,OPEN,2025-10-29,,SuperSonic65535,1,
1193,Injection never finishing.,False,CLOSED,2025-10-29,2025-10-30,RaveTheGit,3,
1194,Input remapping only occuring after GUI is launched. GUI prompts Authentication is required,False,CLOSED,2025-10-30,2025-10-30,innateessence,6,
1195,showing mouse icons for my keyboard & remote,False,OPEN,2025-10-30,,neyel8r,0,
1196,"Tool is stuck on ""starting injection...""",False,CLOSED,2025-10-30,2025-11-01,Tp-danny,13,
1197,Pydantic v2,True,OPEN,2025-11-01,,sezanzeb,1,
1198,2.1.2,True,CLOSED,2025-11-01,2025-11-01,sezanzeb,1,
1199,2.2.0,True,MERGED,2025-11-01,2025-11-01,sezanzeb,0,
1200,Can't inject mouse mapping at Fedora KDE,False,CLOSED,2025-11-02,2025-11-04,Ransei422,12,
1201,Switch to dasbus,True,MERGED,2025-11-02,2025-11-09,sezanzeb,1,
1202,Logitech M720 Triathlon mouse FORWARD and BACK buttons,False,CLOSED,2025-11-05,2025-11-15,Aqua1ung,2,
1203,Claude/mqtt string action mapping 011 c upu la m aqk8fc7qbkj dgb,True,CLOSED,2025-11-06,2025-11-06,Qutaiba-Khader,0,
1204,Input Remapper GUI cannot apply a preset if it was previously launched from a terminal,False,OPEN,2025-11-08,,Kzer-Za,0,
1205,`python3-psutil` needs to be added as a dependency for Debian package,False,CLOSED,2025-11-09,2025-11-28,Liniya,7,
1206,Keyboard preset doesn't load anymore (after update),False,CLOSED,2025-11-10,2025-11-14,krisutofu,5,
1207,Autoload results in intermittent error: TimeoutError: The DBus call timeout was reached.,False,CLOSED,2025-11-12,2025-11-15,shawarden,12,
1209,Fast scrolling leads to events being ignored,False,CLOSED,2025-11-14,2025-11-14,danicc097,2,
1210,Fix the .desktop reference in metainfo,True,MERGED,2025-11-14,2025-11-15,skitt,1,
1211,Fix XDG_CONFIG_HOME being ignored,True,MERGED,2025-11-15,2025-11-15,Jorenar,7,
1212,DBus timeouts in ms,True,MERGED,2025-11-15,2025-11-15,sezanzeb,0,
1215,Trying to map AltRight+n to print niðing,False,CLOSED,2025-11-18,2025-12-05,kierun,7,
1216,Use raw string literals for regexes,True,MERGED,2025-11-22,2025-11-24,skitt,1,
1217,Input remapper seems to activate multiple presets for one device when I click Apply,False,CLOSED,2025-11-24,2025-11-24,mcarans,1,
1218,input-remapper not opening,False,OPEN,2025-11-27,,NotReallyRx,0,
1219,Caps Lock injections being unreliable (?) lately,False,CLOSED,2025-11-28,2026-02-11,Lu9-ST,1,
1221,"pyproject.toml, new build tool, improve github workflows",True,MERGED,2025-11-29,2025-12-25,sezanzeb,10,
1222,New icon,True,MERGED,2025-11-30,2025-12-23,sezanzeb,0,
1225,if_eq not working?,False,OPEN,2025-12-06,,BalaDeSilver,3,
1226,Conflict with Wacom Intuos tablet and KDE Plasma X11,False,OPEN,2025-12-09,,Rairun,0,
1227,Update AUR package via github action,False,OPEN,2025-12-10,,sezanzeb,0,
1230,Uninstall leaves remnants that try to autostart,False,OPEN,2025-12-30,,TheArkive,3,
1231,Do not install into /home,True,MERGED,2025-12-31,2025-12-31,sezanzeb,0,
1232,Clarify Controller Button Names,False,OPEN,2026-01-02,,pandaman09,1,
1233,Install only some components,True,MERGED,2026-01-07,2026-01-07,sezanzeb,3,
1234,Feature request: input-remapper-control command to generate synthetic inputs,False,OPEN,2026-01-10,,alexbobp,0,
1235,Input-remapper doesnt install its own library or its library is broken [SOLVED],False,CLOSED,2026-01-10,2026-01-10,kekmacska,2,
1236,input remapper service not starting,False,CLOSED,2026-01-10,2026-01-10,the-nummer-zone,4,
1237,Feature request: PS5 Dualsense Edge Paddles and Fn buttons,False,OPEN,2026-01-11,,christiantzq,0,
1238,KEY_F13 instead presses XF86Tools,False,OPEN,2026-01-11,,cD1rtX3,4,
1239,Can't map a button to Eisu_toggle,False,OPEN,2026-01-11,,cD1rtX3,0,
1241,"KEY_FASTFORWARD and KEY_REWIND not working on KDE Plasma, fine on GNOME.",False,OPEN,2026-01-12,,xiinistermr,0,
1242,Latest CachyOS update - IR no longer works,False,CLOSED,2026-01-12,2026-01-14,CloneIX,9,
1243,Add support combine keyboard key press + mouse buttons pressing on MOUSE input.,False,OPEN,2026-01-20,,dipol0,1,
1244,Map keyboard keys to D-Pad,False,OPEN,2026-01-22,,archbtww,2,
1245,Incorrect output keys for K8 and K10 keys on ACK05 Wireless Shortcut Remote,False,CLOSED,2026-01-24,2026-01-26,AJHarkness,2,
1246,"Cannot run on Gentoo, module 'inputremapper' not found",False,OPEN,2026-01-26,,akeauoupolee,4,
1247,Cannot build from git repo,False,OPEN,2026-01-27,,johnw42,0,
1248,"Can't type ""ß"": The output_symbol ""ß"" is not a macro and not a valid keycode-name (probably my skill issue)",False,CLOSED,2026-01-30,2026-02-06,iam-best,2,
1249,can't make analog controller using key button on keyboard,False,OPEN,2026-01-31,,edvillones,1,
1250,Need multiple binds for one button,False,OPEN,2026-01-31,,UnRealxInferno,2,
1251,Can't launch on Arch (auth failure),False,OPEN,2026-02-02,,cyrusae,9,
1253,How to get a spammed left click as left click is being held down,False,CLOSED,2026-02-07,2026-05-02,5Cheeseguy,3,
1254,Better input suppression,False,OPEN,2026-02-11,,dlprows,0,
1256,Correct typos in usage.md,True,CLOSED,2026-02-16,2026-03-02,MindingMyOwnBusiness,1,
1257,Autostart without User Prompt on startup,False,OPEN,2026-02-17,,JonnyJonnster,1,
1258,"KEY_NUMERIC_[key] does not map as a numpad key, all default to left click",False,OPEN,2026-02-18,,SapphicIna,2,
1260,Auto key repeat not working in TTY after using input-remapper,False,OPEN,2026-02-22,,domesya,1,
1261,GUI not opening on Wayland [SOLVED],False,CLOSED,2026-03-02,2026-03-02,MindingMyOwnBusiness,0,
1262,Games stopped recognizing inputs,False,OPEN,2026-03-02,,idkupick1,1,
1263,Use black from the ubuntu repos in workflow,True,MERGED,2026-03-04,2026-03-04,sezanzeb,0,
1264,razer tartarus v2 macro keypad won't record but can type normally,False,OPEN,2026-03-06,,deathclonic,1,
1265,[Feature request] Option: Surpress macro when further modifier keys are pressed,False,CLOSED,2026-03-11,2026-06-15,Buggfix42,2,
1266,[Bug] Completely messed up extended function keys (F13-24) binding,False,OPEN,2026-03-13,,IckyVickyUwU,3,
1267,Cannot map keys to L2 or R2,False,OPEN,2026-03-14,,draconic404,1,
1268,GUI app doesn't start with service on NixOS,False,OPEN,2026-03-15,,claymorwan,3,
1269,Added Void Linux to install instructions,True,MERGED,2026-03-17,2026-03-18,Soulful-Sailer,2,
1273,Controllers Trigger Continuous Disconnect Loop When Connected (Afterglow Wave & Switch Pro Controller),False,OPEN,2026-03-22,,N00B-5634,0,
1274,Gamepad fixes,True,MERGED,2026-03-22,2026-04-15,sezanzeb,0,
1275,Does Not Recognize Logitech G13 Macropad,False,OPEN,2026-03-25,,ewhac,0,
1276,Fix memory leak in event_reader; autoload presets for all device instances,True,CLOSED,2026-03-26,2026-04-19,nevion,2,
1278,"I tried multiple times, asked ai, but couldn't find, if we can open a file or script thru any action?",False,OPEN,2026-03-28,,bathindahelper,16,
1280,Feature request: Assign maps for each program seperately,False,CLOSED,2026-03-29,2026-04-05,der-wasguckstdu-dreier,1,
1281,BTN_TL2 & BTN_TR2 work not in GTA V.,False,OPEN,2026-04-01,,jebez1,0,
1282,Unable To Create Mappings,False,CLOSED,2026-04-06,2026-09-14,Android789515,3,
1284,Bug: input-remapper-control causes USB device reset loop on devices with no profile (8BitDo Arcade Controller),False,OPEN,2026-04-14,,TheCoderGamer,2,
1285,Restrict 99-input-remapper.rules to event nodes,True,MERGED,2026-04-18,2026-04-19,countgitmick,1,
1288,momentary functions like mouse and mouse_xy can't be used in hold or toggle macros.,False,CLOSED,2026-05-01,2026-05-13,shawarden,3,
1289,Outdated metadata,False,CLOSED,2026-05-08,2026-05-08,gerbasio999,0,
1290,fix: preserve forwarded mouse DPI metadata during injection,True,MERGED,2026-05-09,2026-05-10,mizuikki,5,
1291,on Arch-like distros it doesnt start. multiple reinstalls cannot solve the issue either and i can't do anything about it.,False,CLOSED,2026-05-11,2026-05-11,kekmacska,2,
1292,Feature: Trigger On Duration of Press,False,CLOSED,2026-05-11,2026-05-18,dysbulic,2,
1293,Feature: passthrough EV_FF events back to source gamepad,False,OPEN,2026-05-18,,viserctul,0,
1294,Overrides pointer acceliration,False,CLOSED,2026-05-19,2026-06-21,stone-alex,7,
1296,MX Ergo S,False,OPEN,2026-05-23,,saraneth0o,2,
1297,uinput device name must not be longer than 80 characters,False,CLOSED,2026-05-25,2026-06-02,brnlee,2,
1299,Add zh_TW Traditional Chinese locale,True,MERGED,2026-05-28,2026-06-01,PeterDaveHello,1,
1300,Failing to distinguish two identical receivers,False,OPEN,2026-05-28,,musikmon,3,
1301,Toggle presets via keyboard,False,OPEN,2026-05-31,,friendly-hacker-git,3,
1302,Fix similar devices stealing the injection on autoload,True,MERGED,2026-06-01,2026-06-01,sezanzeb,0,
1303,Feature Request: Hotkey/toggle to suspend injection,False,OPEN,2026-06-01,,Yoshimanix,3,feature request
1304,Limit forwarded uinput device names,True,MERGED,2026-06-02,2026-06-02,mizuikki,1,
1305,"freezes when using if_eq($foo,1,hold(key),hold(key))",False,CLOSED,2026-06-03,2026-06-18,teslatankx,9,bug
1307,input-remapper-control no longer finding devices.,False,CLOSED,2026-06-08,2026-06-11,dethzord,6,
1309,Listening to wrong /dev/input/eventXX,False,OPEN,2026-06-09,,nickbock,4,
1310,Add hint for permission problems to logs if device not found,True,MERGED,2026-06-11,2026-06-12,sezanzeb,0,
1311,Panic sequence to stop the process,True,OPEN,2026-06-12,,sezanzeb,0,
1312,2.2.1,True,MERGED,2026-06-12,2026-06-12,sezanzeb,0,
1313,More stable macro variable process,True,MERGED,2026-06-13,2026-06-18,sezanzeb,0,
1314,fix(injector): read from all devnodes sharing an origin_hash,True,OPEN,2026-06-14,,nickbock,0,
1315,Apply button tooltip hint stays on top of other applications after hovering,False,OPEN,2026-06-14,,Junner1st,0,
1316,[Feature Request] Splitting analogue axes,False,OPEN,2026-06-17,,CatOfTheCode,0,
1317,Relax timing in test_reader for github workflows,True,CLOSED,2026-06-18,2026-07-06,sezanzeb,0,
1318,Crash of gui on launch,False,CLOSED,2026-06-23,2026-06-23,Geobert,1,
1319,Localization of the program,False,OPEN,2026-06-28,,algri14,0,
1321,Bring pyproject.toml up to standards,True,MERGED,2026-06-28,2026-07-06,alxpl,1,
1322,Having issues with Input Remapper when booting into Bazzite,False,OPEN,2026-07-04,,Waifu4Life,2,
1324,Tests compatible with Python 3.14,True,MERGED,2026-07-06,2026-07-06,sezanzeb,0,
1325,fix(groups): sort groups by unique_key to ensure stable group naming,True,MERGED,2026-07-09,2026-07-16,Odraude-2,11,
1326,Support for multiple virtual gamepad devices,False,OPEN,2026-07-09,,JLCareglio,0,
1327,Bypass pkexec for reader-service if user has read access,True,MERGED,2026-07-14,2026-07-14,shelterx,4,
1328,Add Global toggle support,True,MERGED,2026-07-15,2026-07-20,shelterx,9,
1329,fix: set all timeouts 10s to not crash on slow HDD,True,CLOSED,2026-07-18,2026-09-12,danielzgtg,4,
1331,"Logitech G502 X PLUS: unmapped BTN_LEFT is lost with a minimal preset, but explicit identity mappings work",False,OPEN,2026-07-19,,RockingSisyphus,0,
1332,"Your tool is very fkn hard to use, add some guide to use it or make it easy to use.",False,CLOSED,2026-07-21,2026-07-22,abd-farooqi,2,
1333,[Feature evaluation] Systray support,False,OPEN,2026-07-22,,shelterx,6,
1334,Razer Tartarus Pro gamepad binds not working but Razer Naga V2 Pro mouse are fine,False,OPEN,2026-07-24,,TechLauren,0,
1335,[Feature request] Dismiss hold if cursor moves,False,OPEN,2026-07-24,,aleislost,0,
1336,Add Systray helper/support,True,OPEN,2026-07-25,,shelterx,6,
1337,Holding the meta key during the injection breaks,False,OPEN,2026-07-26,,teslatankx,3,
1338,[Feature request] New action: Send dbus message,False,OPEN,2026-07-31,,enspritz,0,
1340,Driving wheel has inverted pedals so can't trigger at >=%,False,OPEN,2026-08-03,,shawarden,3,
1341,Fix joystick for some gamepads,True,MERGED,2026-08-03,2026-09-11,sezanzeb,1,
1342,"Ruff, black, copyright year",True,MERGED,2026-08-04,2026-09-11,sezanzeb,0,
1343,"Remapped joystick device stopped having -remapped sufix, resulting in double input",False,OPEN,2026-08-05,,Cat-Lady,1,
1346,"How can I send events for devices not in the ""Target"" list?",False,OPEN,2026-08-16,,TheJanzap,1,
1347,KEY_3+KEY_3 outputs 3. not 33. No double numbers allowed? 😳,False,OPEN,2026-08-21,,carsten88,0,
1348,Linux: AppImage packaging,False,OPEN,2026-08-23,,shuvashish76,1,
1349,add ExecStop to service,True,MERGED,2026-08-23,2026-09-12,Renari,5,
1350,"Since Kubuntu updated, do not works any more.",False,CLOSED,2026-08-25,2026-08-25,Mdlpe,2,
1351,Fix hold_keys dropping duplicate keys in + syntax (#1347),True,OPEN,2026-08-26,,arturomaciaas,2,
1352,Add while_eq macro: variable-driven loop stoppable from another mapping,True,OPEN,2026-08-27,,timcharper,1,
1354,feat: Visual Xbox gamepad mapper for keyboards (PES style),True,OPEN,2026-09-04,,Hkeoke,3,
1356,fix: reader-service pipe paths built from home directory instead of username,True,MERGED,2026-09-05,2026-09-14,grenudi,4,
1365,Device Name is Impossible to Tell Apart from Original,False,OPEN,2026-09-06,,TheOverpassArsonist,0,
1366,Latest CachyOS update - IR no longer works,False,CLOSED,2026-09-07,2026-09-09,warrenkerr-spec,8,
1367,Typo in usage.md,True,MERGED,2026-09-13,2026-09-13,tempodat,1,
1368,docs: fix grammar in development.md,True,MERGED,2026-09-14,2026-09-14,TianHengZhuang,0,
1369,Cross Device Simultaneous Inputs Breaking Macros,False,OPEN,2026-09-17,,GriffSZ,0,
1370,Joystick macros,True,OPEN,2026-09-19,,sezanzeb,0,
1371,mypy,True,OPEN,2026-09-20,,sezanzeb,0,
